energy,tempo,danceability,playlist_genre,loudness,liveness,valence,speechiness,track_popularity,track_name,track_album_release_date,instrumentalness,acousticness,id,type
0.681,155.079,0.56,pop,-6.304,0.106,0.388,0.244,89,Q U E V A S H A C E R H O Y ?,2024.0,0.0,0.103,0Sr7ssScx54yxdM2ols7nW,audio_features
0.689,120.208,0.724,latin,-7.174,0.0922,0.936,0.0524,89,EL LOKERON,2024.0,6.77e-06,0.573,6X6m4xmdFcz31p1h7Qg68c,audio_features
0.604,159.92,0.561,pop,-4.409,0.104,0.242,0.0337,89,Lose Control,2023.0,1.9e-05,0.199,17phhZDn6oGtzMe56NuWvj,audio_features
0.725,116.988,0.894,pop,-4.984,0.0815,0.838,0.0432,89,Mantra,2024.0,1.15e-05,0.00434,2CspwnypzT7rcWI9RfsoSb,audio_features
0.698,143.994,0.726,pop,-4.165,0.309,0.867,0.0431,89,Locked out of Heaven,2012.0,0.0,0.049,3w3y8KPTfNeOKPiqUTakBh,audio_features
0.454,159.982,0.689,pop,-7.643,0.0707,0.912,0.0584,89,End of Beginning,2022.0,0.00259,0.0351,3qhlB30KknSejmIvZZLjOD,audio_features
0.52,120.001,0.672,pop,-7.747,0.115,0.37,0.0353,89,Night Changes,2014.0,0.0,0.859,5O2P9iiztwhomNh8xkR9lJ,audio_features
0.872,184.115,0.466,pop,-3.344,0.121,0.806,0.0336,89,The Emptiness Machine,2024.0,0.0,0.0156,2PnlsTsOTLE5jnBnNe2K0A,audio_features
0.471,105.029,0.472,pop,-5.692,0.14,0.219,0.0603,89,Beautiful Things,2024.0,0.0,0.151,3xkHsmpQCBMytMJNiDf3Ii,audio_features
0.64,84.828,0.264,pop,-6.221,0.151,0.19,0.0442,89,"One Of The Girls (with JENNIE, Lily Rose Depp)",2023.0,2.31e-06,0.0393,7CyPwkp0oE8Ro9Dd5CUDjW,audio_features
0.757,142.579,0.482,pop,-4.586,0.143,0.12,0.0355,88,NIGHTS LIKE THIS,2023.0,0.0016,0.0137,1XBYiRV30ykHw5f4wm6qEn,audio_features
0.757,139.982,0.742,pop,-4.981,0.305,0.957,0.0421,88,HOT TO GO!,2023.0,0.0,0.0187,4xdBrk0nFZaP54vvZj0yx7,audio_features
0.812,80.09,0.505,pop,-3.986,0.444,0.664,0.461,88,"Sticky (feat. GloRilla, Sexyy Red & Lil Wayne)",2024.0,0.0,0.285,3tFed7YsjGnIfxeLEQwx3R,audio_features
0.561,150.069,0.669,pop,-6.538,0.0954,0.841,0.0411,88,Diet Pepsi,2024.0,0.00962,0.495,6MzofobZt2dm0Kf1hTThFz,audio_features
0.482,100.029,0.69,latin,-6.335,0.0728,0.356,0.2,88,NEL,2024.0,0.0004,0.523,5AH31dDNgxCMGDdxubNNn4,audio_features
0.56,134.066,0.853,pop,-4.961,0.0944,0.86,0.0406,88,That's What I Like,2016.0,0.0,0.013,0KKkJNfGyhkQ5aFogxQAPU,audio_features
0.776,103.963,0.699,pop,-5.282,0.205,0.708,0.0293,88,Espresso,2024.0,5.36e-06,0.131,2HRqTpkrJO5ggZyyK6NPWz,audio_features
0.513,109.935,0.745,latin,-9.116,0.216,0.929,0.087,88,DOS D√çAS,2024.0,0.0,0.783,5lKFO0PrOC9jmOlPEdjHsL,audio_features
0.472,101.061,0.898,pop,-7.001,0.141,0.214,0.0776,88,Not Like Us,2024.0,0.0,0.0107,6AI3ezQ4o3HUoP6Dhudph3,audio_features
0.369,174.097,0.448,pop,-9.514,0.638,0.0998,0.0452,88,The Night We Met,2015.0,0.272,0.968,3hRV0jL3vUpRrcy398teAU,audio_features
0.86,100.019,0.774,latin,-2.888,0.116,0.446,0.13,88,LUNA,2023.0,0.0,0.131,7bywjHOc0wSjGGbj04XbVi,audio_features
0.601,123.994,0.635,pop,-6.129,0.11,0.332,0.0295,88,Stargazing,2024.0,0.0,0.246,3Vr3zh0r7ALn8VLqCiRR10,audio_features
0.586,107.071,0.669,pop,-6.073,0.104,0.579,0.054,88,Please Please Please,2024.0,0.0,0.274,5N3hjp1WNayUPZrA8kJmJP,audio_features
0.5,117.896,0.664,pop,-6.935,0.0966,0.801,0.0651,87,Stick Season,2022.0,0.0,0.799,0mflMxspEfB0VbI1kyLiAv,audio_features
0.555,96.063,0.392,pop,-6.707,0.13,0.191,0.039,87,Like Him (feat. Lola Young),2024.0,0.000253,0.287,6jbYpRPTEFl1HFKHk1IC0m,audio_features
0.818,97.571,0.373,hip-hop,-3.19,0.434,0.361,0.102,87,"Darling, I (feat. Teezo Touchdown)",2024.0,0.0,0.36,0VaeksJaXy5R1nvcTMh3Xk,audio_features
0.28,72.795,0.612,pop,-8.648,0.088,0.387,0.0434,87,When I Was Your Man,2012.0,0.0,0.932,0nJW01T7XtvILxQgC5J7Wh,audio_features
0.587,186.003,0.679,pop,-7.015,0.137,0.486,0.276,87,Starboy,2016.0,6.35e-06,0.141,7MXVkk9YMctZqd1Srtv4MB,audio_features
0.878,82.557,0.661,hip-hop,-4.099,0.381,0.514,0.31,87,Rah Tah Tah,2024.0,0.0,0.00289,5RePVWy39tLpHH0WwXgBsK,audio_features
0.645,114.933,0.882,pop,-7.233,0.057,0.788,0.0601,87,Embrace It,2024.0,4.13e-05,0.475,0io16MKpbeDIdYzmGpQaES,audio_features
0.499,99.986,0.791,latin,-8.472,0.0899,0.669,0.0509,87,Gata Only,2024.0,2.41e-05,0.446,6XjDF6nds4DE2BBbagZol6,audio_features
0.725,130.504,0.633,pop,-4.257,0.205,0.64,0.0427,87,Juno,2024.0,0.0,0.0461,21B4gaTWnTkuSh77iWEXdS,audio_features
0.586,107.015,0.675,pop,-6.086,0.104,0.621,0.0531,87,Please Please Please,2024.0,0.0,0.257,2tHwzyyOLoWSFqYNjeVMzj,audio_features
0.783,103.001,0.705,latin,-4.783,0.0984,0.454,0.0403,86,UWAIE,2024.0,0.0,0.138,5QjmUqgpPQgXgg4606DqZF,audio_features
0.709,81.012,0.722,pop,-4.95,0.0804,0.604,0.0273,86,A Bar Song (Tipsy),2024.0,0.0,0.0633,2FQrifJ1N335Ljm3TjTVVf,audio_features
0.652,95.977,0.825,pop,-3.183,0.0931,0.931,0.0802,86,Shape of You,2017.0,0.0,0.581,7qiZfU4dY1lWllzX7mPBI3,audio_features
0.448,95.05,0.599,pop,-6.312,0.106,0.168,0.0232,86,Perfect,2017.0,0.0,0.163,0tgVpDi06FyKpA1z0VMD4v,audio_features
0.782,119.992,0.727,pop,-8.529,0.225,0.655,0.042,86,Move,2024.0,0.336,0.0563,1BJJbSX6muJVF2AK7uH1x4,audio_features
0.646,115.842,0.645,pop,-8.334,0.074,0.295,0.0427,86,we can't be friends (wait for your love),2024.0,3.04e-05,0.0615,51ZQ1vr10ffzbwIjDCwqm4,audio_features
0.663,121.07,0.6,pop,-5.802,0.119,0.286,0.0477,86,Story of My Life,2013.0,0.0,0.225,4nVBt6MZDDP6tRVdQTgxJg,audio_features
0.537,122.769,0.445,pop,-8.532,0.0944,0.131,0.04,86,Another Love,2013.0,1.65e-05,0.695,3JvKfv6T31zO0ini8iNItO,audio_features
0.635,103.019,0.617,electronic,-6.769,0.164,0.446,0.0317,86,Something Just Like This,2017.0,1.44e-05,0.0498,6RUKPb4LETWmmr3iAEQktW,audio_features
0.697,138.992,0.74,pop,-4.912,0.224,0.732,0.034,86,Nonsense,2022.0,0.0,0.0268,6dgUya35uo964z7GZXM07g,audio_features
0.917,100.987,0.562,pop,-2.768,0.488,0.501,0.117,86,Disease,2024.0,0.0,0.0513,19KlZwqlT3fguP2BeHF1Q1,audio_features
0.843,122.064,0.619,pop,-5.348,0.164,0.746,0.0284,86,Love Somebody,2024.0,0.000118,0.00948,7hR22TOX3RorxJPcsz5Wbo,audio_features
0.752,100.076,0.841,latin,-4.735,0.949,0.67,0.105,86,Soltera,2024.0,0.00046,0.167,3OJDtCdYs8QJnui708tEU3,audio_features
0.296,115.284,0.351,pop,-10.109,0.095,0.12,0.0333,86,lovely (with Khalid),2018.0,0.0,0.934,0u2P5u6lvoDfwTYjAADbn4,audio_features
0.581,99.973,0.805,latin,-5.091,0.0933,0.528,0.0601,86,Despu√©s De La 1,2024.0,0.0202,0.0303,6PhRhocBXP4y7NpciGmzra,audio_features
0.711,146.921,0.487,pop,-4.22,0.152,0.317,0.0322,85,Running Wild,2024.0,0.0,0.000175,4p7DTkyrKqT98xlIwYYfXz,audio_features
0.626,100.02,0.763,latin,-5.637,0.205,0.78,0.0433,85,SI NO ES CONTIGO,2024.0,0.225,0.0859,5Uptvz6j1sjDKxidAcnH2L,audio_features
0.764,148.853,0.666,latin,-6.297,0.347,0.729,0.116,85,AY MAM√Å,2024.0,0.0,0.366,2lAUq68F2bt7Kc218n9FPp,audio_features
0.628,119.98,0.757,pop,-6.715,0.221,0.321,0.101,85,NEW DROP,2024.0,0.0209,0.189,2c7z5oRcPBbqRaBY2mLWcf,audio_features
0.192,175.212,0.369,pop,-12.151,0.0954,0.148,0.04,85,Something in the Orange,2022.0,8.35e-06,0.555,3WMj8moIAXJhHsyLaqIIHI,audio_features
0.841,109.021,0.635,pop,-5.379,0.0622,0.424,0.0422,85,Just the Way You Are,2010.0,0.0,0.0134,7BqBn9nzAq8spo5e7cZ0dJ,audio_features
0.667,130.019,0.776,pop,-6.622,0.0761,0.618,0.0983,85,Guess featuring billie eilish,2024.0,0.3,0.0146,3WOhcATHxK2SLNeP5W3v1v,audio_features
0.904,167.033,0.739,pop,-2.655,0.0948,0.788,0.0442,85,Touch,2024.0,1.03e-05,0.549,6aJn7Cst74cj4lNIiPRgav,audio_features
0.471,105.029,0.472,pop,-5.692,0.14,0.219,0.0603,85,Beautiful Things,2024.0,0.0,0.151,6tNQ70jh4OwmPGpYy6R2o9,audio_features
0.731,101.654,0.483,pop,-6.696,0.151,0.484,0.0381,85,Riptide,2014.0,0.0,0.436,2uXlHCUbq9OMUwx3hrk06o,audio_features
0.859,129.77,0.77,hip-hop,-3.382,0.673,0.64,0.275,85,Thought I Was Dead (feat. ScHoolboy Q & Santigold),2024.0,0.0,0.362,2aYHxnMF2umAavtgBvmkY1,audio_features
0.557,85.043,0.358,pop,-7.398,0.0902,0.494,0.059,85,Say You Won't Let Go,2016.0,0.0,0.695,5uCax9HTNlzGybIStD3vDh,audio_features
0.356,169.653,0.529,latin,-6.612,0.136,0.659,0.0569,85,Rey Sin Reina,2024.0,0.0,0.29,0BiDnJFB3TlRB6aji7jUz3,audio_features
0.536,97.541,0.716,latin,-7.798,0.208,0.359,0.0328,84,PI√âNSALO,2023.0,0.0,0.452,4ZOkfHC38nxSeSqzGE5HFr,audio_features
0.524,95.01,0.748,electronic,-5.599,0.111,0.661,0.0338,84,Closer,2016.0,0.0,0.414,7BKLCZ1jbUBVqRi2FVlTVw,audio_features
0.822,167.997,0.604,pop,-4.833,0.147,0.288,0.0438,84,Thunder,2017.0,0.134,0.00672,1zB4vmk8tFRmM9UULNzbLB,audio_features
0.706,80.969,0.722,pop,-4.857,0.067,0.599,0.0292,84,A Bar Song (Tipsy),2024.0,0.0,0.072,5fZJQrFKWQLb7FpJXZ1g7K,audio_features
0.574,120.013,0.669,hip-hop,-6.442,0.146,0.273,0.0286,84,Falling Down - Bonus Track,2018.0,0.00294,0.0175,4jvjzW7Hm0yK4LvvE0Paz9,audio_features
0.709,194.055,0.744,pop,-5.778,0.0847,0.712,0.284,84,DEGENERE üëë (feat. benny blanco),2024.0,0.0,0.0501,0qeIFEGRQqHoaJtLCl0U73,audio_features
0.543,68.534,0.359,pop,-7.582,0.118,0.453,0.0919,84,Lover,2019.0,1.58e-05,0.492,1dGr1c8CrMLDpV6mPbImSI,audio_features
0.379,107.989,0.614,pop,-10.48,0.0986,0.201,0.0476,84,Photograph,2014.0,0.000464,0.607,1HNkqx9Ahdgi1Ixy2xkKkL,audio_features
0.251,139.999,0.746,hip-hop,-16.169,0.106,0.18,0.259,84,Revenge,2017.0,0.00203,0.782,5TXDeTFVRVY7Cvt0Dw4vWW,audio_features
0.533,131.036,0.797,hip-hop,-9.74,0.103,0.329,0.0412,84,Fuck Love,2017.0,0.000152,0.0172,7AQim7LbvFVZJE3O8TYgf2,audio_features
0.552,75.881,0.346,pop,-6.864,0.114,0.0789,0.0282,84,Skyfall,2012.0,0.0,0.417,6VObnIkLVruX4UVyxWhlqm,audio_features
0.386,192.004,0.504,pop,-10.976,0.0961,0.281,0.0308,84,Fortnight (feat. Post Malone),2024.0,1.53e-05,0.502,2OzhQlSqBEmt7hmkYxfT6m,audio_features
0.778,96.057,0.911,latin,-2.248,0.179,0.345,0.262,84,PERRO NEGRO,2023.0,2.16e-05,0.0887,7iQXYTyuG13aoeHxGG28Nh,audio_features
0.643,117.025,0.74,pop,-5.446,0.0407,0.96,0.0413,84,Too Sweet,2024.0,0.00229,0.041,19XpFsce28aByvCC4g89tJ,audio_features
0.339,97.989,0.705,pop,-10.612,0.12,0.457,0.0278,84,No One Noticed,2024.0,0.0814,0.552,3siwsiaEoU4Kuuc9WKMUy5,audio_features
0.707,82.045,0.786,latin,-4.386,0.121,0.691,0.0635,84,SE ME OLVIDA,2024.0,0.0,0.0399,2gmd7lY3QSzLh0xIY4cRvi,audio_features
0.855,127.986,0.638,pop,-4.86,0.245,0.731,0.0264,84,I Had Some Help (Feat. Morgan Wallen),2024.0,0.0,0.00757,7221xIgOnuakPdLqT0F3nP,audio_features
0.552,144.941,0.64,hip-hop,-5.679,0.119,0.112,0.129,84,Type Shit,2024.0,0.0,0.0215,28drn6tQo95MRvO0jQEo5C,audio_features
0.712,91.98,0.848,pop,-3.574,0.106,0.692,0.0981,84,+57,2024.0,0.0,0.221,3mg9jYNC1NihbthlglzrWP,audio_features
0.518,126.089,0.875,electronic,-8.388,0.125,0.37,0.0551,84,Stumblin' In,2023.0,0.00995,0.0638,0h3Xy4V4apMraB5NuM8U7Z,audio_features
0.939,129.024,0.671,electronic,-3.206,0.298,0.53,0.161,84,Give Me Everything (feat. Nayer),2011.0,0.0,0.191,4QNpBfC0zvjKqPJcyqBy9W,audio_features
0.652,141.981,0.47,hip-hop,-9.629,0.175,0.104,0.0561,84,I Smoked Away My Brain (I'm God x Demons Mashup) (feat. Imogen Heap & Clams Casino),2023.0,4.08e-05,0.0831,3ZaEs1O8BG581qYPHpQ8d6,audio_features
0.713,120.032,0.742,pop,-5.522,0.059,0.879,0.0303,83,Maps,2014.0,0.0,0.0205,4gbVRS8gloEluzf0GzDOFc,audio_features
0.678,117.067,0.595,hip-hop,-5.18,0.418,0.259,0.0335,83,Break from Toronto,2013.0,0.00389,0.0199,5fEB6ZmVkg63GZg9qO86jh,audio_features
0.783,124.08,0.532,pop,-5.697,0.161,0.643,0.0523,83,Wake Me Up,2013.0,0.0012,0.0038,0nrRP2bk19rLc0orkWPQk2,audio_features
0.676,162.012,0.814,hip-hop,-4.67,0.119,0.312,0.231,83,Like That,2024.0,1.28e-05,0.00709,2tudvzsrR56uom6smgOcSf,audio_features
0.519,100.025,0.763,latin,-7.426,0.0816,0.804,0.0636,83,PELIGROSA,2024.0,6.42e-06,0.22,42wdz3j7gstgUuhoFLCXqd,audio_features
0.715,199.892,0.475,electronic,-5.371,0.135,0.159,0.058,83,Let Me Love You,2016.0,2.67e-05,0.0863,0lYBSQXN6rCTvUZvg9S0lU,audio_features
0.741,153.96,0.601,pop,-5.569,0.415,0.441,0.0478,83,Ghost,2021.0,2.91e-05,0.185,6I3mqTwhRpn34SLVafSH7G,audio_features
0.866,128.038,0.578,pop,-3.804,0.257,0.619,0.0619,83,Shut Up and Dance,2014.0,0.0,0.00701,4kbj5MwxO1bq9wjT5g9HaA,audio_features
0.738,169.918,0.841,latin,-7.455,0.0892,0.484,0.307,83,QLONA,2023.0,0.0,0.52,5RqSsdzTNPX1uzkmlHCFvK,audio_features
0.425,102.078,0.357,pop,-7.301,0.322,0.27,0.0333,83,Heather,2020.0,0.0,0.584,4xqrdfXkTW4T0RauPLv3WA,audio_features
0.76,99.947,0.655,pop,-3.669,0.299,0.409,0.045,83,Sorry,2015.0,0.0,0.0797,09CtPGIpYB4BrO8qb1RGsF,audio_features
0.547,95.0,0.778,pop,-7.273,0.132,0.442,0.0489,83,Just Give Me a Reason (feat. Nate Ruess),2012.0,0.000306,0.344,1mKXFLRA179hdOWQBwUk9e,audio_features
0.837,120.028,0.755,pop,-2.718,0.289,0.714,0.142,83,TiK ToK,2010.0,0.0,0.0991,0HPD5WQqrq7wPWR7P7Dw1i,audio_features
0.264,119.93,0.422,pop,-7.064,0.132,0.331,0.0322,83,All of Me,2013.0,0.0,0.922,3U4isOIWM3VvDubwSI3y7a,audio_features
0.763,120.042,0.695,pop,-3.497,0.0863,0.551,0.0396,83,Circles,2019.0,0.00242,0.189,21jGcNKet2qwijlDFuPiPb,audio_features
0.583,115.221,0.669,latin,-8.949,0.1,0.271,0.269,83,Mejores Jordans,2024.0,2.54e-06,0.603,1cZHUhGz7xJ8c4szDipipd,audio_features
0.802,124.022,0.721,pop,-5.797,0.694,0.724,0.0583,82,Time of Our Lives,2014.0,0.0,0.0921,2bJvI42r8EF3wxjOuDav4r,audio_features
0.832,98.582,0.742,latin,-4.267,0.296,0.716,0.0325,82,Hecha Pa' M√≠,2024.0,0.0,0.0857,1uGUbgZuO1kD1JZ0UeFupN,audio_features
0.823,128.035,0.646,electronic,-4.123,0.322,0.418,0.0394,82,Outside (feat. Ellie Goulding),2014.0,0.0,0.213,7MmG8p0F9N3C4AXdK6o6Eb,audio_features
0.754,149.789,0.752,pop,-6.684,0.0486,0.755,0.0615,82,Stitches,2015.0,0.0,0.0151,5jsw9uXEGuKyJzs0boZ1bT,audio_features
0.668,87.973,0.573,hip-hop,-4.356,0.109,0.145,0.0467,82,Too Many Nights (feat. Don Toliver & with Future),2022.0,4.01e-05,0.189,2Hh3ETdQKrmSI3QS0hme7g,audio_features
0.621,191.868,0.525,pop,-7.364,0.291,0.592,0.117,82,Santa Tell Me,2014.0,0.0,0.0489,0lizgQ7Qw35od7CYaoMBZb,audio_features
0.724,101.097,0.556,latin,-3.165,0.217,0.681,0.119,82,Nueva Era,2024.0,0.0,0.267,03IpZ9yqJlo3EIgDQUgBSF,audio_features
0.701,175.95,0.73,latin,-5.885,0.151,0.785,0.106,82,Borro Cassette,2015.0,0.0,0.132,6DUdDIRgLqCGq1DwkNWQTN,audio_features
0.787,109.939,0.734,pop,-3.951,0.312,0.672,0.116,82,Moonlit Floor (Kiss Me),2024.0,0.0,0.126,5G345YEhvleYxQLfYUlEFv,audio_features
0.646,176.088,0.756,latin,-5.795,0.108,0.429,0.319,82,LA CANCI√ìN,2019.0,1.81e-05,0.152,0fea68AdmYNygeTGI4RC18,audio_features
0.578,199.997,0.734,latin,-4.147,0.113,0.88,0.295,82,Soltera - W Sound 01,2024.0,0.000242,0.155,13BDiikG6y5o5cQTK0HpW6,audio_features
0.327,91.05,0.775,pop,-7.241,0.0821,0.595,0.0557,82,Memories,2021.0,0.0,0.841,4cktbXiXOapiLBMprHFErI,audio_features
0.556,138.978,0.531,pop,-6.245,0.318,0.156,0.0252,82,Beanie,2023.0,0.00915,0.407,5e0b9LgOfi3aJSKXFcOWRe,audio_features
0.835,125.983,0.527,electronic,-5.298,0.249,0.654,0.0433,82,The Nights,2014.0,0.0,0.0166,0ct6r3EGTcMLPtrXHDvVjc,audio_features
0.603,97.994,0.712,pop,-5.52,0.115,0.67,0.0262,82,Fast Car,2023.0,0.0,0.186,1Lo0QY9cvc8sUB2vnIOxDT,audio_features
0.621,119.043,0.455,hip-hop,-7.694,0.123,0.28,0.0517,82,MY EYES,2023.0,2.59e-06,0.651,4kjI1gwQZRKNDkw1nI475M,audio_features
0.737,91.986,0.708,latin,-4.045,0.0955,0.607,0.0436,82,LALA,2023.0,0.00162,0.0739,7ABLbnD53cQK00mhcaOUVG,audio_features
0.668,90.969,0.646,pop,-5.203,0.212,0.64,0.0282,82,Belong Together,2024.0,0.0,0.491,5uQ7de4EWjb3rkcFxyEOpu,audio_features
0.563,105.008,0.833,pop,-5.593,0.139,0.343,0.204,82,Qu√© Pasar√≠a...,2024.0,1.27e-05,0.528,0l0vcZMU7AOeQmUIREoI2U,audio_features
0.806,119.001,0.851,pop,-4.618,0.121,0.774,0.0787,81,Poker Face,2008.0,1.72e-06,0.119,1QV6tiMFM6fSOKOGLMHYYg,audio_features
0.861,119.963,0.663,pop,-3.398,0.082,0.654,0.109,81,DJ Got Us Fallin' In Love (feat. Pitbull),2010.0,0.0,0.0338,4356Typ82hUiFAynbLYbPn,audio_features
0.712,92.005,0.911,latin,-5.105,0.0933,0.425,0.0817,81,Me Porto Bonito,2022.0,2.68e-05,0.0901,6Sq7ltF9Qa7SNFBsV5Cogx,audio_features
0.574,111.881,0.459,pop,-4.857,0.0885,0.183,0.0577,81,Before You Go,2019.0,0.0,0.608,2gMXnyrvIjhVBUZwvLZDMP,audio_features
0.795,94.969,0.845,latin,-3.502,0.224,0.681,0.0681,81,DILUVIO,2023.0,1.78e-05,0.343,2kz1YOhJiNubjigR1gB1VX,audio_features
0.663,143.082,0.76,hip-hop,-4.763,0.305,0.209,0.0551,81,ALL RED,2024.0,0.0,0.109,2cZOYofOX4d6g0OXxkaIjA,audio_features
0.442,100.021,0.776,latin,-8.99,0.0723,0.838,0.0575,81,PELIGROSA,2024.0,1.31e-05,0.319,5PCGEfALcpGtURIuTqvX0R,audio_features
0.434,150.062,0.833,hip-hop,-8.795,0.165,0.281,0.431,81,Mask Off,2017.0,0.0219,0.0102,0VgkVdmE4gld66l8iyGjgx,audio_features
0.856,127.949,0.596,electronic,-3.556,0.141,0.743,0.0346,81,Summer,2014.0,0.0178,0.0211,6YUTL4dYpB9xZO5qExPf05,audio_features
0.648,96.888,0.633,pop,-6.645,0.161,0.49,0.062,81,Anti-Hero,2022.0,2.62e-06,0.121,0V3wPSX9ygBnCm8psDIegu,audio_features
0.57,129.953,0.734,hip-hop,-7.066,0.112,0.689,0.133,81,Everybody Dies In Their Nightmares,2017.0,2.14e-05,0.847,3GVkPk8mqxz0itaAriG1L7,audio_features
0.834,139.995,0.783,latin,-4.623,0.0903,0.92,0.029,81,No Son Doritos,2024.0,0.000212,0.539,2ss1LK5Kfnjo5EUaCbsgZM,audio_features
0.91,112.966,0.67,pop,-4.07,0.304,0.786,0.0634,81,Taste,2024.0,0.0,0.0939,1d7Ptw3qYcfpdLNL5REhtJ,audio_features
0.764,140.113,0.882,hip-hop,-5.241,0.119,0.886,0.204,81,BAND4BAND (feat. Lil Baby),2024.0,0.0,0.359,7iabz12vAuVQYyekFIWJxD,audio_features
0.445,78.998,0.781,pop,-6.061,0.184,0.591,0.0295,81,Thinking out Loud,2014.0,0.0,0.474,34gCuhDGsG4bRPIf9bb02f,audio_features
0.585,139.631,0.449,pop,-6.761,0.0833,0.212,0.0268,81,Paradise,2011.0,8.75e-05,0.0509,6nek1Nin9q48AVZcWs9e9D,audio_features
0.524,83.97,0.653,latin,-9.016,0.203,0.553,0.0502,81,telepat√≠a,2020.0,0.0,0.112,6tDDoYIxWvMLTdKpjFkc1B,audio_features
0.73,155.008,0.834,hip-hop,-3.714,0.124,0.446,0.222,81,SICKO MODE,2018.0,0.0,0.00513,2xLMifQCjDGFmkHkpNLD9h,audio_features
0.646,115.842,0.645,pop,-8.334,0.074,0.295,0.0427,81,we can't be friends (wait for your love),2024.0,3.04e-05,0.0615,46kspZSY3aKmwQe7O77fCC,audio_features
0.795,89.99,0.646,pop,-3.293,0.267,0.796,0.0976,80,Stereo Hearts (feat. Adam Levine),2011.0,0.0,0.0319,0qOnSQQF0yzuPWsXrQ9paz,audio_features
0.58,120.021,0.782,pop,-6.548,0.108,0.66,0.0407,80,Call Me Maybe,2012.0,2.28e-06,0.0114,20I6sIOMTCkB6w7ryavxtO,audio_features
0.869,126.027,0.874,electronic,-5.996,0.164,0.726,0.0315,80,Give It To Me - Full Vocal Mix,2021.0,0.00238,0.00116,5ZduaRci3iNUiDfJbBfAaf,audio_features
0.733,130.029,0.847,hip-hop,-6.439,0.151,0.202,0.16,80,Glock In My Lap,2020.0,1.04e-05,0.00574,6pcywuOeGGWeOQzdUyti6k,audio_features
0.869,159.805,0.533,electronic,-5.093,0.136,0.425,0.173,80,Don't Let Me Down,2016.0,0.00538,0.156,1i1fxkWeaMmKEB4T7zqbzK,audio_features
0.685,118.02,0.782,electronic,-6.237,0.16,0.603,0.0309,80,Cheerleader (Felix Jaehn Remix) - Radio Edit,2015.0,1.18e-05,0.166,7vFoFDWqTX0mHzLfrF1Cfy,audio_features
0.751,117.948,0.88,electronic,-4.258,0.106,0.884,0.0874,80,Ride It,2019.0,6.43e-05,0.177,2tnVG71enUj33Ic2nFN6kZ,audio_features
0.421,98.224,0.537,latin,-8.72,0.138,0.524,0.0285,80,Si No Est√°s,2022.0,0.0,0.827,2HafqoJbgXdtjwCOvNEF14,audio_features
0.787,126.062,0.604,electronic,-3.674,0.127,0.301,0.103,80,Titanium (feat. Sia),2012.0,0.15,0.0679,0TDLuuLlV54CkRRUOahJb4,audio_features
0.845,110.056,0.671,pop,-4.93,0.329,0.775,0.048,80,Dance The Night - From Barbie The Album,2023.0,0.0,0.0207,1vYXt7VSjH9JIM5oRRo7vA,audio_features
0.529,75.515,0.551,pop,-10.469,0.178,0.521,0.0517,80,For the First Time,2017.0,0.0093,0.296,2R4AlwtrrkMaRKojcTIzmL,audio_features
0.486,110.964,0.784,hip-hop,-6.497,0.101,0.0894,0.0475,80,Solo,2017.0,0.497,0.0538,4lH6nENd1y81jp7Yt9lTBX,audio_features
0.464,79.503,0.373,latin,-8.606,0.127,0.301,0.256,80,KINTSUGI,2024.0,0.0135,0.86,1qbql17v0Hazo94o5RUyWQ,audio_features
0.663,146.053,0.634,pop,-6.818,0.102,0.6,0.0331,80,the perfect pair,2022.0,0.124,0.433,41P6Tnd8KIHqON0QIydx6a,audio_features
0.463,111.98,0.809,hip-hop,-11.377,0.109,0.364,0.0396,80,Passionfruit,2017.0,0.085,0.256,5mCPDVBb16L4XQwDdbRUpz,audio_features
0.686,79.928,0.647,latin,-5.745,0.528,0.268,0.0413,80,Ojitos Lindos,2022.0,1.34e-06,0.08,3k3NWokhRRkEPhCzPmV8TW,audio_features
0.673,165.921,0.529,hip-hop,-4.711,0.093,0.366,0.175,80,Jimmy Cooks (feat. 21 Savage),2022.0,2.41e-06,0.000307,3F5CgOj3wFlRv51JsHbxhe,audio_features
0.631,111.93,0.706,latin,-5.812,0.227,0.289,0.0366,80,IA,2024.0,0.0,0.656,7lcbpfihslisNObKdHjyLo,audio_features
0.882,102.04,0.742,pop,-2.862,0.206,0.463,0.117,80,No Lie,2018.0,0.0,0.0466,48QmG1dfvMuYLxMPt7KSRA,audio_features
0.77,125.905,0.694,electronic,-5.335,0.118,0.163,0.149,80,In My Mind,2018.0,1.1e-05,0.176,0E9ZjEAyAwOXZ7wJC0PD33,audio_features
0.627,179.642,0.468,electronic,-5.085,0.11,0.159,0.0476,80,Faded,2018.0,7.97e-06,0.0281,698ItKASDavgwZ3WjaWjtz,audio_features
0.803,106.97,0.818,pop,-4.282,0.153,0.632,0.0797,80,24K Magic,2016.0,0.0,0.034,6b8Be6ljOzmkOmFslEb23P,audio_features
0.782,128.033,0.621,latin,-5.548,0.23,0.55,0.044,80,"Quevedo: Bzrp Music Sessions, Vol. 52",2022.0,0.033,0.0125,2tTmW7RDtMQtBk7m2rYeSw,audio_features
0.766,127.966,0.744,pop,-6.375,0.509,0.61,0.0265,80,I Gotta Feeling,2009.0,0.0,0.0873,4kLLWz7srcuLKA7Et40PQR,audio_features
0.574,146.007,0.694,hip-hop,-6.144,0.082,0.286,0.0483,79,Circadian Rhythm,2024.0,0.0,0.193,1eroCliWpJrEu1V7VSObcO,audio_features
0.475,98.047,0.801,latin,-8.797,0.0639,0.234,0.0516,79,Efecto,2022.0,1.73e-05,0.141,5Eax0qFko2dh7Rl2lYs3bx,audio_features
0.479,169.922,0.812,latin,-5.678,0.0756,0.559,0.333,79,La Bebe - Remix,2023.0,1.21e-06,0.213,2UW7JaomAMuX9pZrjVpHAU,audio_features
0.669,122.669,0.834,pop,-5.582,0.0535,0.547,0.0637,79,Don't Stop The Music,2008.0,7.18e-05,0.0341,0ByMNEPAPpOR5H69DVrTNy,audio_features
0.583,116.624,0.709,hip-hop,-5.298,0.195,0.533,0.204,79,Superhero (Heroes & Villains) [with Future & Chris Brown],2022.0,2.97e-06,0.138,0vjeOZ3Ft5jvAi9SBFJm1j,audio_features
0.739,118.99,0.822,pop,-4.541,0.181,0.745,0.0311,79,Just Dance,2008.0,4.28e-05,0.0264,1dzQoRqT5ucxXVaAhTcT0J,audio_features
0.709,194.055,0.744,latin,-5.778,0.0847,0.712,0.284,79,DEGENERE üëë (feat. benny blanco),2024.0,0.0,0.0501,4xISUrw0t2elabEhKrtAJ0,audio_features
0.872,184.115,0.466,pop,-3.344,0.121,0.806,0.0336,79,The Emptiness Machine,2024.0,0.0,0.0156,1EDPVGbyPKJPeGqATwXZvN,audio_features
0.628,103.998,0.674,pop,-7.079,0.0944,0.552,0.03,79,Try,2012.0,0.0,0.00144,1jF7IL57ayN4Ity3jQqGu0,audio_features
0.614,119.893,0.658,latin,-6.981,0.092,0.465,0.0324,79,Morena Canela,2024.0,2.18e-05,0.105,0NsGFMIo2aNbAkJu48ndaf,audio_features
0.797,139.994,0.704,pop,-5.927,0.0546,0.825,0.0475,79,I Ain't Worried,2022.0,0.000745,0.0826,4h9wh7iOZ0GGn8QVp4RAOB,audio_features
0.729,127.028,0.88,electronic,-6.378,0.185,0.246,0.176,79,I Only Smoke When I Drink,2024.0,0.0113,0.334,39glDGcpBhLVMSsQhvtqHR,audio_features
0.567,125.02,0.845,pop,-8.118,0.0811,0.793,0.0956,79,What Do You Mean?,2015.0,0.00142,0.59,4B0JvthVoAAuygILe3n4Bs,audio_features
0.674,99.968,0.804,latin,-5.453,0.115,0.292,0.0333,79,Moscow Mule,2022.0,1.18e-06,0.294,6Xom58OOXk2SoU711L2IXO,audio_features
0.715,106.672,0.65,latin,-5.198,0.126,0.187,0.253,79,Tit√≠ Me Pregunt√≥,2022.0,0.000291,0.0993,1IHWl5LamUGEuP4ozKQSXZ,audio_features
0.709,99.993,0.725,latin,-5.017,0.114,0.648,0.129,79,Santa,2024.0,0.000189,0.321,5bi0gh89wRuH2OgjdAKFsb,audio_features
0.665,100.09,0.858,latin,-4.772,0.119,0.659,0.152,79,CLASSY 101,2023.0,0.0,0.126,1hZsWUnLbqRw09jLAMQSsb,audio_features
0.611,134.093,0.711,hip-hop,-5.453,0.23,0.144,0.33,79,family ties (with Kendrick Lamar),2021.0,0.0,0.00588,3QFInJAm9eyaho5vBzxInN,audio_features
0.714,101.969,0.664,electronic,-6.645,0.0843,0.71,0.111,79,I Took A Pill In Ibiza - Seeb Remix,2016.0,8.42e-06,0.0353,0vbtURX4qv1l7besfwmnD8,audio_features
0.465,89.087,0.449,pop,-8.964,0.303,0.543,0.0791,79,Heartbreak Anniversary,2020.0,1.02e-06,0.524,3FAJ6O0NOHQV8Mc5Ri6ENp,audio_features
0.473,119.992,0.765,pop,-5.829,0.391,0.34,0.0514,79,7 Years,2016.0,0.0,0.287,5kqIPrATaCc2LqxVWzQGbk,audio_features
0.806,104.032,0.608,pop,-3.443,0.191,0.587,0.0486,79,2 hands,2024.0,0.0,0.121,1f18HzFpegqvH4ibGJyeMJ,audio_features
0.857,128.024,0.414,electronic,-4.078,0.343,0.348,0.0808,79,Blame (feat. John Newman),2014.0,0.00574,0.0287,07nH4ifBxUB4lZcsf44Brn,audio_features
0.682,100.036,0.75,latin,-3.825,0.112,0.618,0.0945,79,Frente al Mar,2024.0,1.28e-06,0.168,60u6hcpH5Qm1M3xESdNBrB,audio_features
0.162,184.784,0.459,latin,-11.634,0.137,0.483,0.0425,79,En Otra Vida,2024.0,0.0,0.929,0EhmTBq33eARyOz3SIi4P2,audio_features
0.798,116.032,0.796,pop,-6.312,0.0952,0.942,0.0317,79,Cold Heart - PNAU Remix,2021.0,4.19e-05,0.034,6zSpb8dQRaw0M1dK8PBwQz,audio_features
0.53,108.038,0.63,pop,-7.259,0.177,0.417,0.0434,78,Like I'm Gonna Lose You (feat. John Legend),2015.0,0.0,0.4,2YlZnw2ikdb837oKMKjBkW,audio_features
0.522,110.427,0.75,latin,-7.018,0.0743,0.601,0.0293,78,Tiroteo - Remix,2021.0,0.0,0.282,4OwhwvKESFtuu06dTgct7i,audio_features
0.84,129.042,0.612,pop,-3.145,0.116,0.438,0.0509,78,Don't You Worry Child - Radio Edit,2012.0,0.0,0.112,2V65y3PX4DkRhy1djlxd9p,audio_features
0.684,166.976,0.832,hip-hop,-4.691,0.229,0.68,0.359,78,WHATCHU KNO ABOUT ME (feat. Sexyy Red),2024.0,0.0,0.00449,5xeSd4HgzrYpNLEf3LfYLK,audio_features
0.928,127.939,0.571,pop,-3.725,0.297,0.488,0.0453,78,Heavy Is the Crown,2024.0,0.0,0.00932,2HBBM75Xv3o2Mqdyh1NcM0,audio_features
0.45,178.765,0.597,pop,-6.658,0.382,0.537,0.0418,78,Stuck with U (with Justin Bieber),2020.0,0.0,0.223,4HBZA5flZLE435QTztThqH,audio_features
0.488,136.07,0.752,pop,-7.05,0.0936,0.533,0.0705,78,Without Me,2020.0,9.2e-06,0.293,6FZDfxM3a3UCqtzo5pxSLZ,audio_features
0.394,96.192,0.421,pop,-8.312,0.0984,0.399,0.0277,78,Nothing's New,2022.0,4.74e-06,0.863,0EF1EE8zusg3Y869e56JFd,audio_features
0.627,155.865,0.687,latin,-4.975,0.0893,0.47,0.181,78,Kh√©?,2024.0,0.0,0.326,1YYfyJ2yCvGFCxwjsIqEK9,audio_features
0.401,111.825,0.677,pop,-8.467,0.116,0.195,0.0308,78,This Town,2017.0,0.0,0.712,0qvzXomUDJVaUboy2wMfiS,audio_features
0.354,160.037,0.741,hip-hop,-10.603,0.118,0.583,0.0837,78,Redbone,2016.0,0.00577,0.181,3vQ4T78TTMOjQXGfXVKQJo,audio_features
0.174,112.672,0.681,pop,-8.745,0.0983,0.231,0.0315,78,Dancing On My Own,2018.0,3.35e-05,0.837,2BOqDYLOJBiMOXShCV1neZ,audio_features
0.736,127.999,0.579,electronic,-3.863,0.198,0.613,0.0527,78,Waiting For Love,2015.0,0.0,0.31,2P4OICZRVAQcYAV2JReRfj,audio_features
0.567,75.965,0.574,hip-hop,-7.126,0.258,0.526,0.465,78,Surround Sound (feat. 21 Savage & Baby Tate),2022.0,0.0,0.164,1udwFobQ1JoOdWPQrp2b6u,audio_features
0.592,159.98,0.82,hip-hop,-7.002,0.121,0.4,0.29,78,Took Her To The O,2020.0,4.71e-06,0.0149,7fEoXCZTZFosUFvFQg1BmW,audio_features
0.789,91.911,0.757,latin,-3.46,0.0717,0.464,0.0583,78,LA INOCENTE,2022.0,0.0,0.307,5jt25aFjW2kNoBqaEVaz5W,audio_features
0.814,124.921,0.707,pop,-4.509,0.168,0.717,0.0577,78,Disturbia,2008.0,0.0,0.0861,2VOomzT6VavJOGBeySqaMc,audio_features
0.788,120.076,0.748,pop,-7.055,0.0863,0.884,0.0334,78,Sugar,2014.0,0.0,0.0591,2iuZJX9X9P0GKaE93xcPjk,audio_features
0.546,104.996,0.742,pop,-7.694,0.115,0.868,0.0315,78,Bags,2019.0,0.38,0.172,6UFivO2zqqPFPoQYsEMuCc,audio_features
0.626,143.01,0.819,hip-hop,-4.574,0.167,0.415,0.202,78,Runnin,2020.0,0.101,0.00748,5SWnsxjhdcEDc7LJjq9UHk,audio_features
0.422,119.964,0.53,pop,-6.262,0.107,0.349,0.0342,78,Wrecking Ball,2013.0,0.0,0.407,2vwlzO0Qp8kfEtzTsCXfyE,audio_features
0.764,169.928,0.591,pop,-5.484,0.103,0.478,0.0483,78,STAY (with Justin Bieber),2021.0,0.0,0.0383,5HCyWlXZPP0y6Gqq8TgA20,audio_features
0.815,123.063,0.636,electronic,-5.098,0.163,0.636,0.0581,78,Sugar (feat. Francesco Yates),2015.0,0.0,0.0185,5tf1VVWniHgryyumXyJM7w,audio_features
0.699,114.481,0.85,pop,-3.292,0.32,0.915,0.0776,78,Lil Boo Thang,2023.0,0.0,0.152,0cVyQfDyRnMJ0V3rjjdlU3,audio_features
0.8,160.078,0.647,pop,-5.384,0.334,0.942,0.165,78,Shake It Off,2014.0,0.0,0.0647,0cqRj7pUJDkTCEsJkx8snD,audio_features
0.726,121.981,0.503,pop,-5.456,0.0895,0.529,0.167,78,Latch,2013.0,7.98e-05,0.0159,51ODNNDZm21HU7wI7cccRr,audio_features
0.55,101.19,0.551,pop,-5.339,0.202,0.342,0.0286,78,Until I Found You (with Em Beihold) - Em Beihold Version,2022.0,0.0,0.777,1Y3LN4zO1Edc2EluIoSPJN,audio_features
0.777,130.003,0.73,electronic,-5.194,0.0691,0.575,0.0496,78,On The Floor,2011.0,0.000486,0.105,3C0nOe05EIt1390bVABLyN,audio_features
0.82,144.905,0.621,pop,-4.865,0.104,0.452,0.0367,78,Marry You,2010.0,0.0,0.332,6SKwQghsR8AISlxhcwyA9R,audio_features
0.69,125.951,0.853,hip-hop,-5.858,0.0835,0.471,0.0647,78,No Face,2024.0,0.0,0.0771,1560osUcXrnov6yuOjXvc1,audio_features
0.779,123.013,0.724,hip-hop,-5.412,0.127,0.53,0.0807,78,500lbs,2023.0,0.0,0.098,6rjuKpPydT2SxN15TZpV7r,audio_features
0.449,114.924,0.669,electronic,-7.658,0.0729,0.327,0.049,77,Derni√®re danse,2014.0,0.0,0.184,65uoaqX5qcjXZRheAj1qQT,audio_features
0.86,128.004,0.755,electronic,-4.811,0.344,0.618,0.0523,77,It's Not Right But It's Okay,2024.0,7.47e-06,0.0144,5OFVzqSeFxGpvDGyHvVeLj,audio_features
0.538,99.952,0.829,hip-hop,-7.359,0.103,0.389,0.212,77,Wow.,2019.0,1.88e-06,0.137,7xQAfvXzm3AkraOtGPWIZg,audio_features
0.738,119.976,0.721,pop,-4.77,0.118,0.637,0.0403,77,Leave Before You Love Me (with Jonas Brothers),2021.0,4.41e-06,0.00226,4qu63nuBpdn0qHUHuObEj1,audio_features
0.754,131.001,0.863,hip-hop,-5.851,0.0913,0.301,0.0611,77,LIL DEMON,2024.0,0.0,0.00125,3aCPResPDNae3pXTocGpYe,audio_features
0.86,127.075,0.608,electronic,-5.324,0.262,0.437,0.0554,77,Wild Ones (feat. Sia),2012.0,0.0,0.0991,1NpW5kyvO4XrNJ3rnfcNy3,audio_features
0.366,141.981,0.604,pop,-7.519,0.133,0.13,0.0282,77,Easy On Me,2021.0,0.0,0.578,0gplL1WMoJ6iYaPgMCL0gX,audio_features
0.782,94.03,0.701,hip-hop,-4.987,0.124,0.57,0.138,77,16,2021.0,2.31e-06,0.0918,1Is8hGpkGMiePASAxBluxM,audio_features
0.654,117.046,0.92,pop,-3.051,0.036,0.847,0.0401,77,Billie Jean,2008.0,0.0153,0.0236,5ChkMS8OtdzJeqyybCc9R5,audio_features
0.657,124.992,0.883,hip-hop,-5.748,0.128,0.284,0.305,77,PUFFIN ON ZOOTIEZ,2022.0,0.0,0.0603,1qMMYpVatbRITKCfq1gasi,audio_features
0.636,145.972,0.837,hip-hop,-7.643,0.342,0.274,0.086,77,a lot,2018.0,0.00125,0.0395,2t8yVaLvJ0RenpXUIAC52d,audio_features
0.283,97.04,0.766,hip-hop,-10.33,0.115,0.144,0.0846,77,Teenage Fever,2017.0,0.0172,0.111,6n3HGiq4v35D6eFOSwqYuo,audio_features
0.902,100.012,0.673,pop,-2.392,0.0558,0.536,0.0346,77,Best Day Of My Life,2014.0,0.000227,0.0591,5Hroj5K7vLpIG4FNCRIjbP,audio_features
0.621,139.056,0.787,latin,-5.009,0.58,0.13,0.068,77,MONACO,2023.0,0.000402,0.15,4MjDJD8cW7iVeWInc2Bdyj,audio_features
0.487,127.05,0.964,hip-hop,-6.071,0.115,0.108,0.421,77,Pure Cocaine,2018.0,6.07e-06,0.00127,577YBGuskWkVDCxZrLRB4v,audio_features
0.855,120.05,0.67,pop,-3.035,0.335,0.648,0.0499,77,International Love (feat. Chris Brown),2011.0,0.0,0.0124,62zFEHfAYl5kdHYOivj4BC,audio_features
0.62,117.038,0.741,pop,-5.505,0.0398,0.934,0.0412,77,Too Sweet,2024.0,0.000809,0.0295,4IadxL6BUymXlh8RCJJu7T,audio_features
0.586,125.845,0.731,hip-hop,-7.564,0.0987,0.147,0.172,77,Or What,2024.0,0.0,0.116,3lUYO6zvXI88sNDpyKvIJ2,audio_features
0.797,121.985,0.845,electronic,-4.984,0.167,0.422,0.139,77,Belly Dancer,2022.0,5.57e-06,0.0582,7fZBQnc0zXwVybgCIrQQil,audio_features
0.824,124.997,0.747,latin,-4.353,0.282,0.793,0.0348,77,NO PIERDO LA VIDA,2024.0,0.0,0.184,44zZM2dn9AcOUt5XKUMNJ3,audio_features
0.872,128.924,0.816,latin,-4.27,0.254,0.94,0.0442,77,noviogangsta <3,2024.0,3.7e-06,0.25,7yrTny7FLWLbfIzsxoicWj,audio_features
0.927,123.962,0.631,electronic,-2.787,0.148,0.465,0.0332,77,This Is What You Came For,2016.0,0.119,0.199,0azC730Exh71aQlOt9Zj3y,audio_features
0.813,125.91,0.513,electronic,-2.744,0.258,0.355,0.0335,77,Never Going Home Tonight (feat. Madison Love),2024.0,0.0,0.28,7K1BLb6MpvKuGEPpHw35mO,audio_features
0.811,116.047,0.794,electronic,-8.966,0.101,0.862,0.038,77,Get Lucky (Radio Edit) [feat. Pharrell Williams and Nile Rodgers],2013.0,1.07e-06,0.0426,2Foc5Q5nqNiosCNqttzHof,audio_features
0.413,131.964,0.772,hip-hop,-8.194,0.111,0.211,0.0891,77,Love Sosa,2012.0,0.0,0.0361,01Lr5YepbgjXAWR9iOEyH1,audio_features
0.655,129.89,0.558,electronic,-5.476,0.0854,0.39,0.0379,77,Forever Young,2024.0,0.0,0.208,3bg2qahpZmsg5wV2EMPXIk,audio_features
0.889,126.04,0.584,pop,-5.941,0.309,0.464,0.0343,77,Levels - Radio Edit,2011.0,0.828,0.0462,5UqCQaDshqbIk3pkhy4Pjg,audio_features
0.854,117.994,0.786,latin,-2.4,0.106,0.522,0.0741,77,ADIVINO,2024.0,2.39e-05,0.169,0LZy30mVmxqUpdQmaXKXBd,audio_features
0.741,123.077,0.646,electronic,-4.973,0.312,0.571,0.034,77,More Than You Know,2017.0,0.0,0.0275,6h5PAsRni4IRlxWr6uDPTP,audio_features
0.519,133.99,0.501,electronic,-5.88,0.454,0.168,0.0409,77,In the Name of Love,2016.0,0.0,0.109,23L5CiUhw2jV1OIMwthR3S,audio_features
0.779,173.799,0.468,pop,-4.839,0.101,0.26,0.0779,77,Unstoppable,2016.0,0.000373,0.112,1yvMUkIOTeUNtNWlWRgANS,audio_features
0.915,126.094,0.544,electronic,-3.405,0.115,0.51,0.0841,76,Under Control (feat. Hurts),2014.0,0.000914,0.129,4J7CKHCF3mdL4diUsmW8lq,audio_features
0.663,184.057,0.672,hip-hop,-5.984,0.134,0.381,0.243,76,Chill Bae,2024.0,0.0,0.112,4ppKM7xnkSAwSyKqD4QTY4,audio_features
0.723,139.942,0.783,hip-hop,-4.881,0.159,0.294,0.135,76,It's Up (feat. Young Thug & 21 Savage),2024.0,0.0,0.0264,1qIwin7JMVuX70qN6wD8ww,audio_features
0.684,114.011,0.795,latin,-3.971,0.658,0.419,0.0419,76,Tarot,2022.0,0.0,0.0225,41oY4WCTj5kccfesTVFnvN,audio_features
0.342,102.819,0.516,pop,-8.985,0.21,0.0993,0.0425,76,Lose You To Love Me,2020.0,0.0,0.55,4l0Mvzj72xxOpRrp6h8nHi,audio_features
0.794,114.066,0.601,pop,-5.844,0.418,0.244,0.0671,76,Nothing Breaks Like a Heart (feat. Miley Cyrus),2019.0,1.36e-06,0.00987,02dRkCEc8Q5ch4TTcnLxOn,audio_features
0.851,126.885,0.722,pop,-3.873,0.108,0.452,0.0639,76,Glad You Came,2011.0,0.0,0.0319,5yDL13y5giogKs2fSNf7sj,audio_features
0.76,80.082,0.435,hip-hop,-4.935,0.158,0.206,0.0721,76,Devil In A New Dress,2010.0,0.0,0.0175,1UGD3lW3tDmgZfAVDh6w7r,audio_features
0.717,121.985,0.793,electronic,-4.759,0.226,0.466,0.0393,76,This Girl (Kungs Vs. Cookin' On 3 Burners),2016.0,3.6e-05,0.0927,1A8j067qyiNwQnZT0bzUpZ,audio_features
0.507,99.994,0.755,latin,-6.76,0.18,0.606,0.0684,76,TU TA RICA,2024.0,1.82e-05,0.293,27bcRgu0wnDteieWlLCxc8,audio_features
0.496,100.025,0.696,latin,-7.532,0.0626,0.476,0.0365,76,APAGA EL CEL,2024.0,0.000397,0.273,0ZS96pPRLyGUViVi5PWCAR,audio_features
0.83,113.03,0.666,pop,-5.715,0.191,0.702,0.0751,76,"CAN'T STOP THE FEELING! (from DreamWorks Animation's ""TROLLS"")",2016.0,0.0,0.0123,6JV2JOEocMgcZxYSZelKcc,audio_features
0.685,130.039,0.772,electronic,-6.849,0.131,0.501,0.0696,76,Scream & Shout,2013.0,8.96e-05,0.019,2iJuuzV8P9Yz0VSurttIV5,audio_features
0.422,124.357,0.573,latin,-7.621,0.102,0.693,0.0678,76,People,2022.0,1.31e-05,0.551,26b3oVLrRUaaybJulow9kz,audio_features
0.716,125.006,0.747,pop,-2.457,0.251,0.751,0.0751,76,Starships,2012.0,0.0,0.135,2EBCVPNAG46nbgs6jXPGvv,audio_features
0.922,146.078,0.641,pop,-4.457,0.0862,0.847,0.0786,76,Can't Hold Us (feat. Ray Dalton),2012.0,0.0,0.0291,3bidbhpOYeV4knp8AIu8Xn,audio_features
0.89,128.011,0.706,pop,-4.444,0.306,0.684,0.0688,76,Good Feeling,2012.0,0.00286,0.0588,2LEF1A8DOZ9wRYikWgVlZ8,audio_features
0.86,93.989,0.737,pop,-2.652,0.0574,0.656,0.0593,76,Con Calma,2019.0,1.94e-06,0.11,5w9c2J52mkdntKOmRLeM2m,audio_features
0.869,127.966,0.616,electronic,-3.911,0.064,0.473,0.0327,76,Club Can't Handle Me (feat. David Guetta),2010.0,0.0,0.0283,6ebkx7Q5tTxrCxKq4GYj0Y,audio_features
0.766,130.001,0.762,latin,-3.955,0.128,0.442,0.0343,76,Pepas,2021.0,6.98e-05,0.00776,5fwSHlTEWpluwOM0Sxnh5k,audio_features
0.805,142.096,0.548,hip-hop,-5.732,0.408,0.649,0.351,76,Dior,2019.0,0.000405,0.212,79s5XnCN4TJKTVMSmOx8Ep,audio_features
0.673,203.812,0.492,pop,-5.431,0.137,0.488,0.0347,76,Last Night,2023.0,0.0,0.413,59uQI0PADDKeE6UZDTJEe8,audio_features
0.719,104.033,0.707,latin,-4.963,0.371,0.701,0.0395,76,DURO,2024.0,2e-06,0.223,1kyLInQ2qgYbK4wZxllfV2,audio_features
0.69,151.991,0.839,latin,-4.464,0.176,0.744,0.0615,76,Un Coco,2022.0,8.33e-06,0.207,6VrQTLzzuyGIYjUDe4kAZk,audio_features
0.737,101.923,0.779,latin,-4.667,0.0974,0.445,0.109,76,Imag√≠nate,2024.0,0.0,0.134,4zbEItKoaRId1vRZkoO0Uh,audio_features
0.486,163.9,0.687,pop,-8.673,0.115,0.792,0.0579,76,Tip Toe,2023.0,0.126,0.587,0MJ5wKsPEeihONNfugHGy7,audio_features
0.507,130.007,0.872,hip-hop,-6.323,0.111,0.506,0.072,76,HIM ALL ALONG,2024.0,0.0,0.195,2EKL77lwxvo615Ga7VjEUl,audio_features
0.657,107.01,0.753,pop,-3.061,0.112,0.437,0.0449,76,The Middle,2018.0,0.0,0.171,09IStsImFySgyp0pIQdqAc,audio_features
0.69,125.004,0.847,electronic,-7.877,0.0526,0.692,0.0493,76,Ferrari,2022.0,6e-05,0.0127,4zN21mbAuaD0WqtmaTZZeP,audio_features
0.5,63.925,0.427,hip-hop,-8.269,0.127,0.269,0.141,76,25,2024.0,0.0,0.286,0U60hgxzGit7juEuHul2y3,audio_features
0.426,84.876,0.674,pop,-9.504,0.132,0.337,0.122,76,Royals,2013.0,0.0,0.12,2dLLR6qlu5UJ5gk0dKz0h3,audio_features
0.809,98.007,0.723,pop,-3.081,0.565,0.274,0.0625,76,Lean On (feat. M√ò & DJ Snake),2015.0,0.00123,0.00346,2YWjW3wwQIBLNhxWKBQd16,audio_features
0.673,92.06,0.453,latin,-5.649,0.131,0.266,0.144,76,Fuera del mercado,2022.0,0.0,0.32,1UdzJEpgJxtuXAlCOvD4S0,audio_features
0.741,119.896,0.72,electronic,-6.529,0.289,0.357,0.0287,75,Dancin (feat. Luvli) - Krono Remix,2014.0,1.41e-05,0.101,6WkJ2OK163XXS2oARUC9JM,audio_features
0.51,119.994,0.829,electronic,-9.334,0.0829,0.45,0.0369,75,Waves - Robin Schulz Radio Edit,2014.0,0.00143,0.00821,1HFfMOxCAT4GAwaPfCdmUs,audio_features
0.702,129.948,0.686,pop,-5.325,0.204,0.29,0.0455,75,Break Free,2014.0,4.46e-05,0.00637,12KUFSHFgT0XCoiSlvdQi4,audio_features
0.896,101.216,0.67,electronic,-4.673,0.344,0.403,0.058,75,Thunder,2021.0,3.21e-05,0.0342,2USlegnFJLrVLpoVfPimKB,audio_features
0.648,179.951,0.644,latin,-4.601,0.135,0.44,0.118,75,Yonaguni,2021.0,0.0,0.276,2JPLbjOn0wPCngEot2STUS,audio_features
0.872,126.05,0.56,pop,-4.269,0.371,0.682,0.14,75,Good Time,2012.0,6.98e-06,0.0239,1kPpge9JDLpcj15qgrPbYX,audio_features
0.627,89.998,0.742,hip-hop,-8.939,0.269,0.356,0.0533,75,Cheques,2023.0,1.23e-05,0.262,4eBvRhTJ2AcxCsbfTUjoRp,audio_features
0.88,180.011,0.72,latin,-2.834,0.153,0.463,0.101,75,BELLAKEO,2023.0,0.06,0.0562,05WVKTdZhlIMX4qqMLuo0f,audio_features
0.856,136.0,0.691,latin,-5.035,0.0876,0.713,0.0536,75,Cholo 7,2024.0,5.09e-05,0.2,06ONHS2cu9I7fvzTz3NQvq,audio_features
0.54,116.947,0.759,pop,-6.039,0.0945,0.75,0.0287,75,Se√±orita,2019.0,0.0,0.037,0TK2YIli7K1leLovkQiNik,audio_features
0.476,129.992,0.793,latin,-10.515,0.115,0.578,0.0406,75,ELOVRGA,2023.0,0.0,0.132,2TJKY0WSFufZOzbRNgl6zE,audio_features
0.74,117.955,0.748,latin,-3.643,0.087,0.618,0.0387,75,Ese Vato No Te Queda,2024.0,0.000109,0.0292,4Ndjd6DhKIC5IPoBIrMQuX,audio_features
0.766,127.975,0.735,electronic,-4.485,0.108,0.6,0.0383,75,We Found Love,2011.0,0.00141,0.025,0U10zFw4GlBacOy9VDGfGL,audio_features
0.593,119.958,0.79,electronic,-9.204,0.065,0.72,0.0776,75,Alors on danse - Radio Edit,2010.0,0.00202,0.0983,2GYHyAoLWpkxLVa4oYTVko,audio_features
0.751,91.031,0.706,pop,-6.323,0.168,0.195,0.0708,75,Replay,2009.0,0.0,0.173,4E5P1XyAFtrjpiIxkydly4,audio_features
0.733,97.974,0.825,hip-hop,-5.625,0.112,0.62,0.0969,75,Rich Nigga Shit (feat. Young Thug),2020.0,0.0,0.349,3ruoIF2UnoXdzK8mR61ebq,audio_features
0.724,83.118,0.569,latin,-4.076,0.27,0.562,0.0474,75,un x100to,2023.0,0.0,0.228,6pD0ufEQq0xdHSsRbg9LBK,audio_features
0.876,129.998,0.671,electronic,-5.681,0.0823,0.964,0.0352,75,(It Goes Like) Nanana - Edit,2023.0,0.188,0.12,23RoR84KodL5HWvUTneQ1w,audio_features
0.498,122.016,0.876,latin,-7.511,0.143,0.428,0.0478,75,Neverita,2022.0,0.0,0.0706,31i56LZnwE6uSu3exoHjtB,audio_features
0.67,139.956,0.79,hip-hop,-5.527,0.119,0.408,0.105,75,N95,2022.0,2.32e-06,0.377,0fX4oNGBWO3dSGUZcVdVV2,audio_features
0.346,119.957,0.963,hip-hop,-9.309,0.108,0.562,0.53,75,Yes Indeed,2018.0,0.0,0.0355,6vN77lE9LK6HP2DewaN6HZ,audio_features
0.595,108.02,0.777,latin,-6.79,0.0669,0.546,0.0375,75,Otro Atardecer,2022.0,0.00139,0.59,0E0DRHf5PfMeor0ZCwB3oT,audio_features
0.512,144.926,0.848,hip-hop,-7.757,0.101,0.881,0.118,75,One Love,2023.0,0.00645,0.284,5ZLkihi6DVsHwDL3B8ym1t,audio_features
0.722,121.964,0.587,electronic,-6.983,0.543,0.466,0.0709,75,Baian√°,2020.0,0.668,0.000754,780be5fB7823aHG06mwTat,audio_features
0.675,79.31,0.627,latin,-7.125,0.0784,0.961,0.212,75,UN PESO,2019.0,0.0,0.125,7hynhxDoDpgMIV12JuVtNa,audio_features
0.617,173.97,0.703,latin,-5.696,0.433,0.486,0.151,75,BBY BOO - REMIX,2024.0,6.11e-06,0.215,43PiEypaceH339CSNiggyj,audio_features
0.356,83.679,0.708,hip-hop,-9.738,0.112,0.569,0.075,75,Tu hai kahan,2023.0,6.54e-05,0.437,3zSSCPpLZ5Oc8nelhhGjKz,audio_features
0.577,119.986,0.795,electronic,-9.638,0.051,0.206,0.0648,75,Yamore,2024.0,0.147,0.00263,480j122Gpi252OIfy4SNzm,audio_features
0.792,119.054,0.627,pop,-4.311,0.0845,0.415,0.031,75,Love Story (Taylor‚Äôs Version),2021.0,3.97e-06,0.13,6YvqWjhGD8mB5QXcbcUKtx,audio_features
0.586,130.012,0.891,hip-hop,-4.665,0.213,0.954,0.121,75,"I'm Good Luv, Enjoy.",2019.0,0.0,0.0833,3RKLJPyyMZfwebsePAzqjL,audio_features
0.594,125.01,0.694,latin,-8.39,0.131,0.672,0.0366,75,EN MI MUNDO,2024.0,0.0,0.396,0lQogzZgV4XwuUTasz3nPL,audio_features
0.88,169.949,0.49,hip-hop,-4.856,0.103,0.392,0.0435,75,Chemical,2023.0,0.0,0.00154,5w40ZYhbBMAlHYNDaVJIUu,audio_features
0.665,94.329,0.583,hip-hop,-3.885,0.112,0.463,0.18,75,Imagina esse Cen√°rio,2024.0,0.0,0.314,2fjqfFUq64thFsqfKN01kS,audio_features
0.573,109.928,0.731,latin,-10.059,0.113,0.145,0.0544,75,D√ÅKITI,2020.0,5.22e-05,0.401,4MzXwWMhyBbmu6hOcLVD49,audio_features
0.73,156.953,0.729,hip-hop,-5.14,0.118,0.41,0.261,75,"Crazy Story, Pt. 3",2019.0,4.33e-05,0.00165,23TwR29GSeJBfXnXhmDlwR,audio_features
0.791,92.603,0.639,latin,-4.443,0.362,0.933,0.254,75,QUE PRETENDES,2019.0,0.0,0.0275,25ZAibhr3bdlMCLmubZDVt,audio_features
0.78,171.285,0.461,hip-hop,-5.004,0.181,0.448,0.363,75,Winning Speech,2024.0,0.0,0.128,3FqtduiaqnFYvBgKuc6QWQ,audio_features
0.814,144.991,0.625,hip-hop,-5.181,0.158,0.535,0.0657,75,Come & Go (with Marshmello),2020.0,0.0,0.0172,2Y0wPrPQBrGhoLn14xRYCG,audio_features
0.842,132.032,0.706,pop,-3.956,0.0688,0.861,0.0417,74,Hot N Cold,2008.0,0.0,7.73e-05,0iGckQFyv6svOfAbAY9aWJ,audio_features
0.683,159.878,0.515,pop,-5.099,0.392,0.572,0.0371,74,Wide Awake,2012.0,2.64e-06,0.0749,5JLv62qFIS1DR3zGEcApRt,audio_features
0.706,92.513,0.482,pop,-5.762,0.105,0.144,0.0607,74,Girl on Fire,2012.0,0.00106,0.135,4esOae7i4rqTbAu9o5Pxco,audio_features
0.725,105.016,0.711,latin,-8.315,0.11,0.53,0.0941,74,soso,2022.0,0.129,0.424,1wADwLSkYhrSmy4vdy6BRn,audio_features
0.495,129.062,0.864,pop,-7.036,0.0992,0.72,0.037,74,Somebody That I Used To Know,2011.0,0.000133,0.591,4wCmqSrbyCgxEXROQE6vtV,audio_features
0.641,141.931,0.529,electronic,-6.78,0.102,0.089,0.0336,74,I'm God,2020.0,0.76,0.0711,0FVuyC9RP5MACjp4lgU3qZ,audio_features
0.598,83.836,0.55,latin,-5.402,0.0955,0.543,0.0831,74,Una Vez,2020.0,2.58e-06,0.132,5J7teKIJGtqVypgYI6sqXj,audio_features
0.637,120.033,0.847,electronic,-8.751,0.121,0.0509,0.0587,74,Mwaki,2023.0,0.201,0.201,5KTZgG84bKFGm53lhLtTqc,audio_features
0.989,126.002,0.621,electronic,-4.225,0.184,0.0348,0.0434,74,Love Tonight (David Guetta Remix Edit),2021.0,0.357,0.015,2prnn41CblB8B4yWACDljP,audio_features
0.765,174.021,0.691,latin,-4.727,0.203,0.855,0.111,74,Hasta Que Dios Diga,2020.0,3.29e-06,0.464,06s3QtMJVXw1AJX3UfvZG1,audio_features
0.603,129.928,0.9,latin,-5.313,0.134,0.824,0.0646,74,Si Veo a Tu Mam√°,2020.0,4.81e-06,0.402,41wtwzCZkXwpnakmwJ239F,audio_features
0.86,175.896,0.725,latin,-3.726,0.0674,0.791,0.182,74,Volv√≠,2021.0,0.000284,0.422,2vmfvSoZBFAt9hhRoEByLi,audio_features
0.8,143.978,0.652,latin,-4.019,0.112,0.234,0.0614,74,WHERE SHE GOES,2023.0,0.629,0.143,7ro0hRteUMfnOioTFI5TG1,audio_features
0.618,81.993,0.856,latin,-4.892,0.0866,0.391,0.286,74,LA NOCHE DE ANOCHE,2020.0,0.0,0.0303,2XIc1pqjXV3Cr2BQUGNBck,audio_features
0.615,84.07,0.775,hip-hop,-5.682,0.0595,0.918,0.368,74,Russian Bandana,2024.0,0.0,0.304,1dFrZr9eMUsFqeag04ClqD,audio_features
0.627,118.093,0.788,electronic,-9.072,0.232,0.909,0.0751,74,Imagine,2024.0,0.0,0.693,6IcsbETuviVu6UTiBTcxY4,audio_features
0.255,95.978,0.375,electronic,-12.279,0.0845,0.331,0.0377,74,Love Story,2014.0,0.0,0.815,6nGeLlakfzlBcFdZXteDq7,audio_features
0.892,97.008,0.791,latin,-2.58,0.0609,0.916,0.0521,74,QUEMA,2023.0,0.000355,0.0509,2hn2zOA2XFlv6DSmesylrL,audio_features
0.444,150.96,0.703,pop,-9.331,0.0973,0.712,0.0417,74,I'm Yours,2008.0,0.0,0.559,1EzrEOXmMH3G43AXT1y7pA,audio_features
0.691,119.96,0.823,hip-hop,-7.322,0.1,0.707,0.197,74,SPIDER,2024.0,1.73e-06,0.0774,2fFTn0f94EopgZyfSGQuyK,audio_features
0.586,126.684,0.553,pop,-6.319,0.0813,0.443,0.0362,74,Be Alright,2018.0,0.0,0.697,3EPXxR3ImUwfayaurPi3cm,audio_features
0.718,105.002,0.848,latin,-4.385,0.116,0.564,0.0557,74,SEXO ES LA MODA,2024.0,1.9e-05,0.183,4U80gkwi6Qk0fBRcDuzn3E,audio_features
0.527,77.499,0.824,hip-hop,-5.506,0.368,0.212,0.118,74,Tailor Swif,2024.0,0.0,0.149,5xMjhZKSo8yh5r9b5vrYRr,audio_features
0.861,117.965,0.73,electronic,-4.1,0.213,0.704,0.0451,74,Perfect Strangers,2018.0,0.0,0.39,3P3pw6C19j31Rnzgo3JG7o,audio_features
0.496,86.003,0.889,hip-hop,-6.365,0.252,0.544,0.0905,74,Going Bad (feat. Drake),2018.0,0.0,0.259,2IRZnDFmlqMuOrYOLnZZyc,audio_features
0.578,124.005,0.916,hip-hop,-6.275,0.113,0.192,0.124,74,TEFLON DON,2024.0,0.00402,0.00349,2jnezASa7o0lP6aif6VrIf,audio_features
0.805,126.008,0.506,electronic,-4.119,0.0856,0.383,0.0469,74,Runaway (U & I),2015.0,0.00193,0.00711,46lFttIf5hnUZMGvjK0Wxo,audio_features
0.616,103.071,0.797,latin,-10.229,0.0979,0.451,0.375,74,Andrea,2022.0,0.000293,0.762,44XjoNvtwevktFKjvVe1vH,audio_features
0.673,87.961,0.818,latin,-7.542,0.172,0.695,0.148,74,512,2021.0,0.0,0.348,5jzEwSyyymBlf1fa1o39T2,audio_features
0.842,111.038,0.625,pop,-5.285,0.181,0.26,0.0376,74,Like a Prayer,2009.0,2.12e-05,0.264,1z3ugFmUKoCzGsI6jdY4Ci,audio_features
0.852,119.892,0.779,electronic,-3.353,0.212,0.601,0.0651,74,Est-ce que tu m'aimes ? - Pilule bleue,2015.0,0.0,0.235,3a9TMd2Yrza6HXqqlfMtfy,audio_features
0.886,120.032,0.655,electronic,-5.227,0.277,0.778,0.0502,74,Supernova Love,2024.0,0.0,0.066,5sTLGx6c7YRwnrWm6O091n,audio_features
0.903,74.988,0.52,pop,-5.497,0.254,0.652,0.042,74,Someone To You,2019.0,0.0,0.00517,2f0pn9DkEJwAzXApnFh5cr,audio_features
0.634,113.927,0.704,electronic,-7.374,0.0952,0.411,0.0428,74,Firestone,2016.0,3.17e-05,0.393,1I8tHoNBFTuoJAlh4hfVVE,audio_features
0.793,87.024,0.545,electronic,-3.615,0.335,0.411,0.0371,74,Alibi (feat. Rudimental),2024.0,0.00281,0.191,5Jpz4nv8nA6FIYO5gEyQa2,audio_features
0.706,140.017,0.863,latin,-5.555,0.0786,0.686,0.103,73,Coco Chanel,2023.0,4.43e-05,0.143,0PB0O24JqAuNdOAFVJljMS,audio_features
0.455,99.958,0.796,hip-hop,-7.763,0.156,0.352,0.0997,73,9:45,2023.0,3.59e-06,0.637,6c4Po8zyQjB4cR5XgLhcGb,audio_features
0.761,147.216,0.649,hip-hop,-4.204,0.207,0.313,0.152,73,I CAN‚ÄôT LET GO,2024.0,0.0,0.00694,1Ftb0PK0Qqwax3gofiMd2X,audio_features
0.599,119.993,0.853,pop,-4.756,0.0759,0.843,0.0411,73,Blurred Lines,2013.0,7.93e-06,0.00334,0n4bITAu0Y0nigrz3MFJMb,audio_features
0.8,139.918,0.498,hip-hop,-2.665,0.147,0.272,0.0503,73,Take What You Want (feat. Ozzy Osbourne & Travis Scott),2019.0,0.0,0.0903,7CZyCXKG6d5ALeq41sLzbw,audio_features
0.545,97.008,0.809,hip-hop,-6.678,0.151,0.244,0.0734,73,Ballin' (with Roddy Ricch),2019.0,0.0,0.392,3QzAOrNlsabgbMwlZt7TAY,audio_features
0.688,153.979,0.659,latin,-4.649,0.113,0.632,0.0673,73,Volando - Remix,2021.0,0.0,0.207,0G2zPzWqVjR68iNPmx2TBe,audio_features
0.785,123.96,0.621,electronic,-4.499,0.0512,0.779,0.11,73,21 Reasons (feat. Ella Henderson),2022.0,5.92e-06,0.0165,1RF02Cf80mTaeNXG2P2boR,audio_features
0.538,141.894,0.52,hip-hop,-8.109,0.119,0.177,0.206,73,Self Care,2018.0,0.00187,0.367,5bJ1DrEM4hNCafcDd1oxHx,audio_features
0.568,117.973,0.78,electronic,-6.96,0.0698,0.459,0.031,73,Ain't Nobody (Loves Me Better) (feat. Jasmine Thompson),2018.0,0.000168,0.668,3c8iiZGfEammKJuWTErE5x,audio_features
0.382,155.901,0.541,pop,-14.323,0.304,0.343,0.035,73,i wanna be your girlfriend,2018.0,0.000836,0.0215,5PjdC2gMATetx5xdnwGUu7,audio_features
0.585,102.331,0.75,pop,-7.576,0.155,0.584,0.0285,73,4EVER,2018.0,0.00552,0.049,5mIOsPuQdXchVY0jB5NO9Q,audio_features
0.445,156.023,0.55,latin,-9.548,0.507,0.512,0.0847,73,Siento que merezco m√°s,2024.0,0.00318,0.262,4Z6pPinNzkGtbgAlE88263,audio_features
0.774,112.05,0.674,electronic,-7.567,0.393,0.33,0.0892,73,ily (i love you baby) (feat. Emilee),2019.0,0.00188,0.0686,62aP9fBQKYKxi7PDXwcUAS,audio_features
0.791,92.023,0.86,latin,-4.784,0.106,0.887,0.0568,73,A Tu Merced,2020.0,0.000106,0.169,4r9jkMEnArtWGH2rL2FZl0,audio_features
0.449,136.006,0.578,hip-hop,-6.349,0.119,0.1,0.286,73,Wants and Needs (feat. Lil Baby),2021.0,2.17e-06,0.0618,65OVbaJR5O1RmwOQx0875b,audio_features
0.681,99.998,0.725,latin,-5.277,0.107,0.762,0.0376,73,Gata Only (Remix),2024.0,0.0,0.318,0JGTfiC4Z41GEEpMYLbWwO,audio_features
0.421,95.977,0.852,hip-hop,-9.153,0.106,0.457,0.208,73,Rich Spirit,2022.0,2.28e-06,0.428,1QPreu0BNOrUfEb8HTd2qG,audio_features
0.786,196.12,0.663,latin,-3.51,0.219,0.579,0.195,73,La Corriente,2022.0,0.0,0.229,1797zYiX4cKosMH836X9Gt,audio_features
0.707,127.963,0.771,latin,-6.404,0.0745,0.317,0.055,73,MEMORIAS,2022.0,0.0,0.389,2hLXUbsOU9cDb9RFva9FYr,audio_features
0.798,120.012,0.719,pop,-4.582,0.134,0.591,0.0361,73,Teenage Dream,2010.0,2.34e-06,0.0162,5jzKL4BDMClWqRguW5qZvh,audio_features
0.699,122.987,0.811,pop,-5.211,0.148,0.733,0.114,73,Don't Worry (with Ray Dalton) - Radio Edit,2015.0,1.38e-06,0.0726,63CSozvYUEudPp12679UVF,audio_features
0.646,127.978,0.946,hip-hop,-6.604,0.0643,0.961,0.21,73,Still Think About You,2016.0,0.0,0.219,2FTeQQ5Rg9tBpgpTF5mnhE,audio_features
0.463,121.999,0.778,electronic,-7.603,0.0731,0.496,0.0389,73,Hear Me Now,2016.0,0.00289,0.546,39cmB3ZoTOLwOTq7tMNqKa,audio_features
0.637,135.055,0.851,hip-hop,-6.149,0.227,0.616,0.104,73,Brindis,2024.0,0.0,0.225,1Bb422wJR14f7sA77gGs0V,audio_features
0.781,128.0,0.509,electronic,-3.48,0.0749,0.176,0.072,73,Clarity,2012.0,0.0,0.0398,60wwxj6Dd9NJlirf84wr2c,audio_features
0.681,101.005,0.798,electronic,-4.818,0.137,0.434,0.0722,73,Seya,2023.0,0.00197,0.219,5EVY9jwZDhgyLDyNGCGWYh,audio_features
0.647,117.737,0.581,electronic,-7.335,0.304,0.257,0.0614,73,Gatluak - Bakermat Remix,2021.0,0.0502,0.0778,0GT2hQQ6mdHeW0AZDl5NlJ,audio_features
0.653,142.347,0.493,hip-hop,-5.666,0.511,0.852,0.0466,73,WUSYANAME (feat. Youngboy Never Broke Again & Ty Dolla $ign),2021.0,0.0,0.269,5B0kgjHULYJhAQkK5XsMoC,audio_features
0.73,85.979,0.596,electronic,-4.091,0.325,0.525,0.151,73,"Hey Mama (feat. Nicki Minaj, Bebe Rexha & Afrojack)",2014.0,0.0,0.24,285HeuLxsngjFn4GGegGNm,audio_features
0.931,113.026,0.753,pop,-4.922,0.234,0.767,0.0653,73,4 Minutes (feat. Justin Timberlake & Timbaland),2009.0,0.00696,0.00994,1oHClQEgDmmbcEx12Kc5nZ,audio_features
0.806,123.009,0.763,latin,-4.946,0.0612,0.594,0.0532,73,JACKPOT,2024.0,1.32e-05,0.0012,23W44WWCP8SibyP292TWo5,audio_features
0.862,128.036,0.498,electronic,-6.02,0.352,0.469,0.0588,73,Infinity 2008 - Klaas Vocal Edit,2008.0,0.00918,0.000313,3aQz0z86zrKjd1mcZlonxE,audio_features
0.714,175.924,0.564,pop,-4.987,0.155,0.33,0.129,73,Fight Song,2016.0,0.0,0.0549,37f4ITSlgPX81ad2EvmVQr,audio_features
0.91,130.032,0.528,electronic,-7.309,0.0938,0.137,0.0366,73,Dark Beach,2015.0,0.764,0.346,7fqjWHXf330QwnfaAWB2Dr,audio_features
0.857,119.975,0.56,electronic,-4.145,0.381,0.432,0.0384,73,King,2015.0,0.0,0.0594,3AeicLnm55RqcXGBKYQolM,audio_features
0.758,165.409,0.681,hip-hop,-6.524,0.555,0.331,0.188,73,n√©e-nah,2024.0,0.0,0.00465,2yUzr8Sr6ldG8vmHhZwTnz,audio_features
0.692,140.203,0.637,hip-hop,-7.231,0.345,0.427,0.164,73,Light Year (Practice),2024.0,0.0,0.0153,3NE6g9h77FZbQqCLzUpGRt,audio_features
0.396,78.022,0.726,hip-hop,-9.121,0.527,0.413,0.283,73,Both Ways,2024.0,0.0,0.269,2FRc9wqgIjg2E3bH13ww6U,audio_features
0.331,72.023,0.459,pop,-12.603,0.135,0.271,0.0421,73,Arcade,2019.0,0.00104,0.817,1Xi84slp6FryDSCbzq4UCD,audio_features
0.695,104.879,0.583,electronic,-5.336,0.0527,0.224,0.0423,73,Middle,2016.0,0.0,0.0138,0g5EKLgdKvNlln7TNqBByK,audio_features
0.531,118.96,0.566,hip-hop,-6.635,0.179,0.367,0.0716,73,Nena Maldici√≥n (feat. Lenny Tav√°rez),2019.0,0.0,0.192,77dMSg2VHi2wwXjXNrmcrZ,audio_features
0.724,94.601,0.847,latin,-5.41,0.118,0.396,0.298,73,FINA,2023.0,1.11e-06,0.0869,3nNmRE0DxHC6ZaKkrpUumS,audio_features
0.735,99.827,0.697,hip-hop,-4.16,0.099,0.403,0.0497,73,CANZONE D'ODIO (feat. Lil Baby),2024.0,0.0,0.172,4CNfC20TImtjdwN3dG0uCF,audio_features
0.709,78.53,0.749,hip-hop,-6.385,0.329,0.564,0.259,73,Help Me,2024.0,0.0,0.155,487JCvAXVblflZyDJn3fSp,audio_features
0.369,140.004,0.735,hip-hop,-9.682,0.126,0.235,0.0688,73,Suicidal,2019.0,0.0,0.334,1iSqfoUFnQwV0QW1EfUit8,audio_features
0.0867,129.989,0.696,pop,-25.203,0.108,0.349,0.0418,73,Better,2022.0,0.922,0.988,0Z94dtWElamDwU4NrcGoUR,audio_features
0.533,120.011,0.794,hip-hop,-8.206,0.207,0.15,0.0591,73,PLUTOSKI,2024.0,2.76e-05,0.14,2t4H61OtTYgmDe61KxkjKH,audio_features
0.671,179.987,0.684,hip-hop,-6.424,0.0769,0.45,0.289,73,Ransom (with Juice WRLD) - Remix,2019.0,0.0,0.0119,2WsuSYJNXGKXVYkHPnq2yp,audio_features
0.622,102.04,0.69,electronic,-5.025,0.116,0.544,0.0622,73,Stay,2017.0,0.0,0.253,6uBhi9gBXWjanegOb2Phh0,audio_features
0.732,149.012,0.841,hip-hop,-5.186,0.136,0.576,0.19,73,Ambition For Cash,2021.0,2.18e-05,0.0115,4mIHgQ3ofK2RK34UdbqMbe,audio_features
0.718,89.906,0.716,hip-hop,-5.348,0.192,0.91,0.148,73,Bandana,2024.0,0.0,0.0452,7KQdgW7QzNd9oPoCzjCU76,audio_features
0.638,82.81,0.677,hip-hop,-8.631,0.193,0.435,0.333,73,Love Yourz,2014.0,0.0,0.589,2e3Ea0o24lReQFR4FA7yXH,audio_features
0.88,92.055,0.753,hip-hop,-3.165,0.146,0.582,0.081,73,1993,2024.0,0.0,0.455,6QsHhB0W9GtLF3cI7mUVkQ,audio_features
0.855,75.031,0.605,electronic,-4.414,0.098,0.302,0.329,72,Around The World,2024.0,0.000709,0.473,47KhhDku9RLDsWIJjYaXDs,audio_features
0.76,129.996,0.702,pop,-3.174,0.132,0.696,0.0684,72,I Kissed A Girl,2008.0,0.0,0.00226,14iN3o8ptQ8cFVZTEmyQRV,audio_features
0.62,120.031,0.798,electronic,-7.079,0.112,0.235,0.232,72,The Business,2020.0,0.0192,0.414,6f3Slt0GbA2bPZlz0aIFXN,audio_features
0.821,125.051,0.848,electronic,-5.408,0.0962,0.249,0.0527,72,Move Your Body,2021.0,0.000403,0.0169,6GomT970rCOkKAyyrwJeZi,audio_features
0.598,107.732,0.733,pop,-8.228,0.156,0.935,0.0278,72,Last Christmas - Single Version,2023.0,3.71e-06,0.212,06qMRF18gwbOYYbnP2du6i,audio_features
0.736,130.011,0.75,electronic,-4.168,0.265,0.355,0.155,72,Party Rock Anthem,2011.0,0.0,0.0202,7mitXLIMCflkhZiD34uEQI,audio_features
0.616,104.008,0.773,latin,-4.516,0.145,0.25,0.0416,72,SE TE NOTA (feat. Peso Pluma),2024.0,4.24e-05,0.0565,1iIrqtbY2aogEHhQkmrV7w,audio_features
0.942,120.0,0.762,electronic,-6.432,0.115,0.038,0.038,72,Hold Me,2023.0,0.764,0.586,4SnuG111QPmgwRmlwhJ4Mg,audio_features
0.586,120.97,0.799,electronic,-6.735,0.193,0.549,0.0377,72,Rather Be (feat. Jess Glynne),2014.0,2.03e-06,0.162,61dCUoMCg28qEBzrW6htYM,audio_features
0.937,132.067,0.727,pop,-2.871,0.091,0.749,0.286,72,Gangnam Style (Í∞ïÎÇ®Ïä§ÌÉÄÏùº),2012.0,0.0,0.00417,03UrZgTINDqvnUMbbIMhql,audio_features
0.71,89.929,0.5,pop,-3.015,0.329,0.419,0.0339,72,Demons,2012.0,0.00025,0.19,3LlAyCYU26dvFZBDUIMb7a,audio_features
0.588,113.608,0.491,pop,-6.177,0.0906,0.193,0.0506,72,What About Us,2017.0,2.01e-06,0.0281,0Qh38w01QRXK6KHIv0e3hb,audio_features
0.718,128.14,0.76,hip-hop,-3.017,0.0982,0.557,0.232,72,Pa Ti,2017.0,0.0,0.348,2QrGCbW0ylj94JfkgLZFlA,audio_features
0.415,114.145,0.728,pop,-6.852,0.0616,0.455,0.0639,72,Issues,2017.0,0.0,0.401,7vu0JkJh0ldukEYbTVcqd0,audio_features
0.672,93.999,0.817,latin,-5.612,0.13,0.774,0.299,72,Si Se Da - Remix,2019.0,0.0,0.441,6K5BsR04ijf3FHNzjbaagD,audio_features
0.81,126.052,0.572,electronic,-5.791,0.13,0.11,0.0558,72,Summertime Sadness (Lana Del Rey Vs. Cedric Gervais) - Cedric Gervais Remix,2013.0,6.53e-06,0.0157,6PUIzlqotEmPuBfjbwYWOB,audio_features
0.876,129.884,0.666,pop,-3.078,0.259,0.552,0.0414,72,Where Them Girls At (feat. Nicki Minaj & Flo Rida),2012.0,0.0,0.055,7ks6AZmFcm3Y6PGGxGSmlB,audio_features
0.577,148.107,0.797,hip-hop,-5.617,0.301,0.17,0.195,72,Wake Up & Bake Up,2024.0,0.0,0.0174,7MBHncxZXB7fzf5cAx8C05,audio_features
0.685,121.991,0.731,hip-hop,-4.707,0.0865,0.458,0.12,72,FIELD TRIP,2024.0,0.0,0.054,3lCb7ZYE3Fvie4JOPqpXfY,audio_features
0.731,174.516,0.552,hip-hop,-6.873,0.258,0.632,0.615,72,DUCKWORTH.,2017.0,0.0,0.0536,0y9uTzK9cNKSAEHnpeRG8C,audio_features
0.699,129.054,0.92,hip-hop,-6.635,0.0745,0.484,0.358,72,Gang Baby,2024.0,0.0,0.00768,76Ku9OBFK1NjMylR8r4WLK,audio_features
0.624,176.169,0.61,latin,-4.773,0.243,0.244,0.309,72,Callaita,2019.0,2.12e-06,0.6,2TH65lNHgvLxCKXM3apjxI,audio_features
0.566,85.953,0.794,hip-hop,-8.35,0.151,0.68,0.0602,72,King Shit,2024.0,0.000168,0.301,1BpvuKIG7jK5EiTp2tv5z8,audio_features
0.637,92.025,0.811,latin,-4.835,0.118,0.471,0.0591,72,TE MUDASTE,2020.0,0.000572,0.234,5RubKOuDoPn5Kj5TLVxSxY,audio_features
0.575,145.95,0.713,hip-hop,-6.706,0.169,0.189,0.0501,72,That Go! (feat. T-Shyne),2021.0,0.0,0.00669,6rUmUJ2drFemHTH73bFAKQ,audio_features
0.829,96.172,0.607,latin,-4.074,0.107,0.685,0.379,72,Safaera,2020.0,0.0,0.0103,2DEZmgHKAvm41k4J3R2E9Y,audio_features
0.632,147.873,0.494,pop,-6.89,0.0869,0.0797,0.0342,72,You Say,2018.0,0.0,0.682,6Up545NUflOiXo8cEraH49,audio_features
0.445,50.827,0.286,pop,-8.087,0.114,0.278,0.0347,72,If You Love Her,2020.0,0.0,0.355,727Z2S2mtNH46CbP9EWPwY,audio_features
0.711,173.916,0.718,latin,-5.746,0.1,0.92,0.11,72,Ay Vamos,2014.0,5.52e-05,0.157,6Ges5C2IE738iJh4HyQizQ,audio_features
0.6,113.903,0.883,hip-hop,-7.188,0.0931,0.691,0.37,72,BOOKER T,2020.0,7.94e-06,0.114,26w9NTiE9NGjW1ZvIOd1So,audio_features
0.592,188.051,0.696,hip-hop,-6.281,0.127,0.232,0.319,72,Armed & Dangerous,2020.0,0.0,0.152,2297mxrYLBAC4XkhXs39If,audio_features
0.812,162.087,0.785,latin,-3.174,0.107,0.903,0.0644,72,Pa Ti Estoy,2023.0,0.0,0.147,3j5zNcb0aSk7dx3W3mAKzw,audio_features
0.483,171.831,0.753,latin,-6.436,0.0681,0.826,0.273,72,Ferxxoko,2024.0,0.0,0.0189,12VjaTNEaCfDlvW1XPZTQ9,audio_features
0.473,75.801,0.464,pop,-10.086,0.109,0.604,0.129,72,If the World Was Ending (feat. Julia Michaels),2019.0,0.0,0.866,2kJwzbxV2ppxnQoYw4GLBZ,audio_features
0.762,90.025,0.816,latin,-2.864,0.0845,0.782,0.0565,72,DEPORTIVO,2024.0,0.000404,0.534,0fKK51bU6lcCCwdNnv64t3,audio_features
0.752,158.042,0.638,hip-hop,-6.227,0.17,0.242,0.0385,72,GEEK TIM√ã,2024.0,0.734,0.0066,32ioWMgkyA6mFcXJMggBoz,audio_features
0.715,113.861,0.552,electronic,-9.291,0.0669,0.858,0.0524,72,A Bird's Last Look,2022.0,0.702,0.0286,5omLpU1N0uN51OSXL62VAM,audio_features
0.561,148.775,0.686,hip-hop,-9.929,0.114,0.186,0.191,72,Did It Again,2019.0,0.0,0.185,4guBZjUyrGoHsTahO3IHdj,audio_features
0.72,122.031,0.789,electronic,-5.652,0.129,0.664,0.218,72,Breaking Me,2019.0,0.0,0.223,3H7ihDc1dqLriiWXwsc2po,audio_features
0.413,146.05,0.747,hip-hop,-11.197,0.17,0.481,0.488,72,LET GO,2022.0,0.0,0.848,3zkyus0njMCL6phZmNNEeN,audio_features
0.803,67.536,0.284,hip-hop,-5.293,0.242,0.553,0.173,72,Jukebox Joints (feat. Joe Fox & Kanye West),2015.0,0.0,0.302,2gAGWaK4wvt2xrFUlR4mK8,audio_features
0.841,129.973,0.714,electronic,-5.942,0.596,0.865,0.0641,72,K.O.,2024.0,0.366,0.0622,7r2cCbhAbGUE4Izor1ZnlZ,audio_features
0.435,120.058,0.843,hip-hop,-8.442,0.147,0.19,0.178,72,Weekend (feat. Miguel),2015.0,0.0,0.47,6GnhWMhgJb7uyiiPEiEkDA,audio_features
0.711,117.038,0.974,hip-hop,-5.206,0.0888,0.328,0.194,72,NISSAN ALTIMA,2024.0,3.92e-05,0.0988,2dKkVF2m160z0RNDN2dddc,audio_features
0.662,95.999,0.863,latin,-5.855,0.334,0.307,0.21,72,Kamikaze (feat. Victor Mendivil),2024.0,8.45e-06,0.0843,6fKvGaO8Dfntvx4thaXtak,audio_features
0.86,76.54,0.575,hip-hop,-3.165,0.0973,0.834,0.23,72,A Cold Sunday,2024.0,0.0,0.298,1Y1jtaZOJYgXBl7lKdLc9o,audio_features
0.498,81.958,0.665,hip-hop,-8.185,0.0757,0.127,0.083,72,Go Flex,2016.0,0.0,0.23,5yuShbu70mtHXY0yLzCQLQ,audio_features
0.888,130.97,0.617,latin,-4.567,0.162,0.771,0.0402,72,C√≥mo Te Atreves,2016.0,0.0,0.0705,7M6CFruBrM5x7u0lTMtm6r,audio_features
0.985,127.99,0.801,pop,-2.69,0.297,0.72,0.0647,72,Get Up (Rattle) [feat. Far East Movement] - Vocal Edit,2012.0,6.86e-06,0.0205,3wLPRjw2XQpmowqXUXb3UF,audio_features
0.781,119.977,0.751,electronic,-3.724,0.036,0.814,0.0862,72,Dynamite,2010.0,0.0,0.0039,2CEgGE6aESpnmtfiZwYlbV,audio_features
0.72,79.983,0.508,pop,-5.908,0.0563,0.472,0.0628,71,Halo,2008.0,0.0,0.272,4JehYebiI9JE8sR8MisGVb,audio_features
0.711,146.921,0.487,pop,-4.22,0.152,0.317,0.0322,71,Running Wild,2024.0,0.0,0.000175,50zAEIE4B1QqhPjRMK2Xmh,audio_features
0.575,120.031,0.88,hip-hop,-6.091,0.109,0.671,0.163,71,Run It Up (feat. Offset & Moneybagg Yo),2021.0,0.0,0.415,1dg3qy5DjoJodawfOCgrTP,audio_features
0.906,125.916,0.711,electronic,-2.671,0.153,0.824,0.0284,71,I Love It (feat. Charli XCX),2013.0,1.64e-05,0.00952,2U8NXPTXZWG2O0ye2sYRiH,audio_features
0.631,105.989,0.648,hip-hop,-5.662,0.12,0.142,0.104,71,Maria I'm Drunk (feat. Justin Bieber & Young Thug),2015.0,0.0,0.38,6Yqmv7XJLCrQEauMbPGZSw,audio_features
0.802,100.001,0.713,electronic,-7.055,0.309,0.343,0.0561,71,Roses,2015.0,0.00377,0.0435,3vv9phIu6Y1vX3jcqaGz5Z,audio_features
0.821,140.039,0.777,electronic,-4.963,0.218,0.439,0.0595,71,Good Love,2023.0,0.0042,0.14,0ZVjgfaC2Ptrod9v6p9KFP,audio_features
0.594,129.995,0.853,electronic,-6.823,0.0469,0.83,0.0371,71,Never Walk Alone,2024.0,0.134,0.052,4HB7ECLzrbgapiZyLlFbxz,audio_features
0.828,123.907,0.587,pop,-5.108,0.331,0.493,0.161,71,Born This Way,2011.0,0.0,0.00327,30XU4suKzCeoCK9YFzdufg,audio_features
0.286,71.123,0.587,pop,-8.839,0.214,0.302,0.0315,71,In A Good Way,2021.0,0.0288,0.185,2VYnlKxB8jpbCeLUjQsebc,audio_features
0.779,128.028,0.937,latin,-3.539,0.0408,0.95,0.329,71,Que Se Cuide,2024.0,6.85e-05,0.22,22jhscHs2DoVqKG5vKJytQ,audio_features
0.416,94.926,0.492,pop,-10.439,0.203,0.297,0.0254,71,Sailor Song,2024.0,8.61e-05,0.686,0UYnhUfnUj5adChuAXvLUB,audio_features
0.711,102.984,0.822,latin,-4.943,0.083,0.934,0.0668,71,Lollipop,2023.0,1.46e-05,0.179,3cDyocF0Ibdfs1SFQk5cLZ,audio_features
0.694,95.0,0.703,latin,-4.808,0.12,0.298,0.0607,71,¬øQu√© Nos Pas√≥?,2022.0,5.8e-06,0.436,7k3qWn8D43a5ISa3x8lJux,audio_features
0.709,130.081,0.872,electronic,-7.472,0.0998,0.309,0.176,71,MANON B,2024.0,0.0,0.336,2PYlRGF5Wi5sDobsLH5gLX,audio_features
0.569,115.03,0.772,electronic,-7.006,0.117,0.525,0.062,71,PONA NINI,2024.0,0.0,0.235,6JCjcuo4VKAP4bHhbHj6fe,audio_features
0.638,184.086,0.378,pop,-5.576,0.0849,0.735,0.075,71,We Are Young (feat. Janelle Mon√°e),2012.0,7.66e-05,0.02,7a86XRg84qjasly9f6bPSD,audio_features
0.921,130.072,0.691,electronic,-1.702,0.331,0.8,0.0533,71,Play Hard (feat. Ne-Yo & Akon),2012.0,0.0,0.173,5YPMEOJ58kfl56VHxTgwx3,audio_features
0.603,135.993,0.735,hip-hop,-9.474,0.0844,0.429,0.203,71,Me Ama Me Odia,2016.0,3.56e-05,0.226,6TZXBJLTIOX6DM6hwCsKw2,audio_features
0.732,142.791,0.548,hip-hop,-5.652,0.269,0.612,0.336,71,Invincible,2020.0,0.0,0.125,792HwhrdO3ErRKL5yRe4Ge,audio_features
0.733,92.969,0.864,hip-hop,-3.292,0.166,0.183,0.0713,71,Old Money,2024.0,0.000175,0.144,4WLDaQ8AgSwUgFoPzJkAYK,audio_features
0.946,120.036,0.542,electronic,-6.048,0.107,0.229,0.0425,71,Forever (feat. Malou & Yuna),2024.0,0.632,0.0312,0WS1qLcXKsCGt5e3dqq30S,audio_features
0.516,111.005,0.87,latin,-8.006,0.11,0.53,0.0541,71,PROVENZA,2022.0,0.00823,0.656,7dSZ6zGTQx66c2GF91xCrb,audio_features
0.802,128.085,0.835,hip-hop,-4.286,0.0882,0.374,0.243,71,Leave Me Alone,2024.0,7.33e-06,0.0311,4CkbpelT92r4dVkceDX9g1,audio_features
0.584,115.018,0.849,latin,-8.195,0.492,0.724,0.115,71,Agosto,2022.0,6.18e-06,0.0929,0wihfILRNOwE2156Shezc8,audio_features
0.836,113.998,0.729,electronic,-4.312,0.336,0.288,0.0462,71,Riptide,2022.0,3.27e-05,0.156,6yv0ZjBlZy2oRFq7jAis2C,audio_features
0.903,78.293,0.564,latin,-3.221,0.175,0.607,0.307,71,Despu√©s de la Playa,2022.0,0.0,0.356,1dm6z1fWB0cErMszU25dy2,audio_features
0.411,169.934,0.584,latin,-7.147,0.0955,0.412,0.0838,71,HACIENDO QUE ME AMAS,2020.0,4.47e-05,0.869,26QApq0cuO9brJigr0C0W4,audio_features
0.706,122.013,0.663,pop,-4.972,0.115,0.474,0.0383,71,Counting Stars,2014.0,0.0,0.0654,6sy3LkhNFjJWlaeSMNwQ62,audio_features
0.782,127.034,0.763,electronic,-4.541,0.293,0.502,0.0346,71,Where Did You Go? (feat. MNEK),2022.0,7.08e-06,0.182,3sa06xVNmLLYIxdNNmVQN8,audio_features
0.54,143.968,0.634,hip-hop,-7.002,0.302,0.543,0.0777,71,witchblades,2017.0,0.0,0.0223,57NsyEzmk0NT3NcOwuQT55,audio_features
0.583,126.036,0.793,electronic,-5.973,0.253,0.97,0.247,71,Petit g√©nie,2023.0,1.07e-05,0.106,1eldTykrnkEBLX41bk5eMw,audio_features
0.703,94.004,0.879,latin,-4.219,0.0569,0.788,0.0701,71,Fantasias,2019.0,0.0,0.143,6mAN61JH0dzyZpWslS11jy,audio_features
0.859,124.948,0.733,pop,-5.03,0.105,0.52,0.033,71,All Around The World (La La La),2019.0,0.0645,0.479,02itaCXOdC54J0ISjqqFAp,audio_features
0.623,130.037,0.919,latin,-6.521,0.0609,0.775,0.0992,71,DESPECH√Å,2022.0,1.63e-05,0.184,5ildQOEKmJuWGl2vRkFdYc,audio_features
0.431,94.0,0.881,hip-hop,-11.093,0.113,0.246,0.0914,71,Still Rollin,2023.0,0.0018,0.182,6oz1L5jcqZWYuId7nxvIan,audio_features
0.819,94.011,0.565,hip-hop,-7.899,0.111,0.682,0.0668,71,Wish (feat. Trippie Redd) - Trippie Mix,2018.0,0.0,0.232,0c0YHn3DIQLl1opsQDd9kO,audio_features
0.543,98.992,0.898,latin,-8.317,0.338,0.359,0.121,71,Nada,2019.0,0.000623,0.343,7DOh0tBGnyMt6C5OO7o8Yq,audio_features
0.708,96.914,0.712,hip-hop,-5.715,0.29,0.634,0.247,71,Un D√≠a M√°s,2024.0,0.0,0.404,2m3v40xGeLVqnQvAwx5rdi,audio_features
0.831,132.029,0.798,electronic,-4.481,0.112,0.721,0.171,71,Casanova,2023.0,5.87e-05,0.697,30D9x5LFgL2o9xidjX2wtE,audio_features
0.586,189.978,0.326,latin,-7.966,0.0787,0.295,0.0605,71,AMOR DE CINE,2021.0,0.0,0.531,0v9UztY5A12cJUsWD7PZzS,audio_features
0.578,167.985,0.724,latin,-7.117,0.0943,0.757,0.0819,71,REINA,2023.0,1.06e-06,0.632,0QRHOAeU8JRaVVn3UoZBih,audio_features
0.748,115.01,0.752,hip-hop,-3.755,0.105,0.497,0.0895,70,Amigos y Enemigos (feat. Bad Bunny & Almighty) - Remix,2017.0,0.0,0.289,2sA4woGW5KgEgGXXxOKPAZ,audio_features
0.767,160.084,0.718,hip-hop,-5.641,0.114,0.519,0.166,70,Lust,2017.0,0.0,0.138,7oJrVhiTPZGBXWPwhxjy9S,audio_features
0.564,77.972,0.856,hip-hop,-6.295,0.134,0.483,0.392,70,On Me,2020.0,0.0,0.00327,4Iedi94TIaB2GGb1nMB68v,audio_features
0.636,174.14,0.695,latin,-4.654,0.081,0.575,0.317,70,Te Felicito,2022.0,0.0,0.234,2rurDawMfoKP4uHyb2kJBt,audio_features
0.149,82.019,0.485,electronic,-20.394,0.102,0.112,0.0282,70,stellar,2023.0,0.917,0.886,2PpYJcgJN6PzozUv7rU669,audio_features
0.316,118.582,0.398,pop,-7.031,0.295,0.174,0.0368,70,Rise Up,2015.0,0.0,0.805,0tV8pOpiNsKqUys0ilUcXz,audio_features
0.766,93.956,0.737,latin,-4.242,0.114,0.662,0.0458,70,Bichiyal,2020.0,6.63e-06,0.31,4j4w4CXm6BSr0s25wAWrrX,audio_features
0.848,179.87,0.685,latin,-4.561,0.0783,0.761,0.0858,70,La Dif√≠cil,2020.0,7.14e-06,0.0861,6NfrH0ANGmgBXyxgV2PeXt,audio_features
0.617,168.021,0.713,latin,-4.637,0.0962,0.682,0.0887,70,Bandido,2020.0,0.0,0.122,1xK1Gg9SxG8fy2Ya373oqb,audio_features
0.543,139.929,0.84,latin,-4.941,0.128,0.74,0.0568,70,Inolvidable,2020.0,0.0,0.678,0OTtnwUO8natNWSwdZvXVF,audio_features
0.588,114.929,0.712,hip-hop,-5.332,0.21,0.471,0.0543,70,Down With Me,2024.0,0.0,0.112,00n83h3zn2IrySO4Q4aTrG,audio_features
0.706,88.863,0.635,latin,-3.224,0.108,0.443,0.125,70,EL MAKINON,2021.0,0.0,0.256,2FSGUA0gFgGeQdprjtGM2M,audio_features
0.791,122.085,0.571,electronic,-5.935,0.0612,0.585,0.0741,70,For Life (feat. Nile Rodgers),2024.0,0.0,0.0494,4QfikoJtCEiOj7G5R9m3sP,audio_features
0.673,181.891,0.655,latin,-5.98,0.0753,0.342,0.308,70,Hola - Remix,2022.0,0.0,0.473,17I27VXKtqXJHL6ReaG0eS,audio_features
0.763,101.965,0.72,pop,-4.068,0.18,0.742,0.0523,70,Rockabye (feat. Sean Paul & Anne-Marie),2016.0,0.0,0.406,5knuzwU65gJK7IF5yJsuaW,audio_features
0.748,125.896,0.503,electronic,-4.124,0.343,0.356,0.0619,70,Heroes (we could be),2015.0,0.0,0.0305,3zU9rdflI65tK4dkkNSp77,audio_features
0.792,116.012,0.979,pop,-2.784,0.102,0.583,0.0388,70,Ice Ice Baby,2008.0,7.71e-06,0.0025,3XVozq1aeqsJwpXrEZrDJ9,audio_features
0.547,138.05,0.92,hip-hop,-4.98,0.0998,0.606,0.272,70,Coffin,2020.0,1.45e-06,0.0241,5vDNippoMr52KpXBO9b9KQ,audio_features
0.631,129.902,0.807,hip-hop,-4.883,0.117,0.126,0.111,70,Diablita (feat. Anuel AA & Baby Rasta),2016.0,0.0,0.407,62NeZ2Vtrz5HgtQibleMNs,audio_features
0.631,121.854,0.772,hip-hop,-5.082,0.129,0.433,0.0431,70,SAY MY GRACE (feat. Travis Scott),2023.0,0.0,0.0648,2Gk6fi0dqt91NKvlzGsmm7,audio_features
0.642,111.907,0.65,hip-hop,-5.332,0.0855,0.186,0.04,70,Insecurities,2024.0,0.0,0.00502,6afQ4fJDJ9QqU5BKIH99Ej,audio_features
0.809,116.015,0.732,electronic,-7.264,0.0642,0.253,0.0878,70,Papaoutai,2013.0,0.0,0.0266,34dx8DACTJsc3rsJdaEIQw,audio_features
0.69,106.034,0.799,latin,-7.252,0.143,0.682,0.1,70,Sigue Bailandome,2018.0,0.001,0.282,0GmiGIxXDNrePrHBpijYDp,audio_features
0.78,134.937,0.724,hip-hop,-5.407,0.139,0.72,0.354,70,Bolide Noir,2024.0,0.0,0.294,14DLZ9FaTofhnXBiV38axE,audio_features
0.798,86.638,0.509,hip-hop,-4.472,0.203,0.48,0.235,70,Sifar Safar,2024.0,0.0,0.00625,3lQPwCmD918SyoiIkw1zqx,audio_features
0.572,88.041,0.742,hip-hop,-8.163,0.318,0.644,0.0743,70,MVP,2024.0,0.00428,0.391,5BQePe9rcCJozHK3oPayYk,audio_features
0.946,150.141,0.804,hip-hop,-5.949,0.359,0.745,0.352,70,Mr. Glock,2020.0,0.0,0.002,1ipSpQfzBbhPFhYm6tfVIz,audio_features
0.542,135.14,0.926,hip-hop,-5.064,0.0877,0.564,0.293,70,We Paid (feat. 42 Dugg),2020.0,0.0,0.135,6gxKUmycQX7uyMwJcweFjp,audio_features
0.509,157.94,0.662,hip-hop,-9.159,0.266,0.549,0.322,70,Sorry Not Sorry,2024.0,0.0,0.247,4lwfqyQXSDJ7kELpMErMih,audio_features
0.392,75.066,0.599,electronic,-6.869,0.131,0.26,0.0257,70,You & Me - Flume Remix,2013.0,0.000107,0.378,3W2ZcrRsInZbjWylOi6KhZ,audio_features
0.833,129.885,0.551,electronic,-5.217,0.0632,0.145,0.03,70,This Is What It Feels Like,2013.0,2.77e-06,0.0391,5GjnIpUlLGEIYk052ISOw9,audio_features
0.0823,67.238,0.252,electronic,-27.338,0.0857,0.0381,0.0344,70,memories,2022.0,0.928,0.951,4VkRQSpG16JxrXaVlNyWdX,audio_features
0.836,96.993,0.746,latin,-4.336,0.116,0.874,0.0445,70,Mayores,2019.0,0.00291,0.145,2AY1UAimvTqjJC8vDJsOyy,audio_features
0.662,150.047,0.709,hip-hop,-4.55,0.108,0.439,0.0767,70,Flaws And Sins,2019.0,0.0,0.00966,0flSGzqHO12p9fU9kqaHGE,audio_features
0.596,165.951,0.819,latin,-7.009,0.138,0.622,0.318,70,Velitas,2019.0,1.19e-06,0.225,7q3NthaBqFI6s0WnAlnIvq,audio_features
0.75,139.979,0.831,hip-hop,-5.42,0.111,0.662,0.153,70,On Top,2022.0,0.0,0.0188,4SJMuaIYcBS8ke96lDYOsw,audio_features
0.658,151.951,0.752,hip-hop,-6.297,0.0927,0.387,0.342,70,Drankin N Smokin,2020.0,0.0,0.0421,0k7wmahjkn389wAZdz19Cv,audio_features
0.68,144.006,0.85,hip-hop,-6.18,0.0964,0.694,0.338,70,Loading,2021.0,0.0,0.732,4vzJrkfHbCGaodPA5RY5BV,audio_features
0.484,133.03,0.93,hip-hop,-5.486,0.0922,0.747,0.259,70,Problemas de um Milion√°rio,2024.0,6.84e-05,0.355,0VybBobSYSzliyEJ1VqwGR,audio_features
0.71,92.009,0.535,latin,-2.978,0.141,0.523,0.324,70,Porno,2019.0,0.0,0.428,34ZngZgo8xicbt1EE8Ob8Z,audio_features
0.691,167.029,0.836,pop,-4.222,0.282,0.703,0.363,70,WHATCHU KNO ABOUT ME (with Sexyy Red),2024.0,0.0,0.00586,4VI2Y5xg4gYynQqNQNQbTN,audio_features
0.579,84.143,0.562,hip-hop,-6.788,0.102,0.577,0.484,70,infinity (888) - feat. Joey Bada$$,2018.0,0.0,0.274,7J2gyNghNTzl4EsLhXp01Q,audio_features
0.928,109.966,0.616,hip-hop,-2.34,0.156,0.23,0.043,70,Castlevania,2024.0,0.0,0.0168,3Kh5a6vXMiJtC35jMEfmyy,audio_features
0.411,172.445,0.722,hip-hop,-9.963,0.0976,0.503,0.387,70,Maturidade,2022.0,0.0,0.509,5RHOhXxMVhpEaBcG6hIydA,audio_features
0.727,150.062,0.477,hip-hop,-4.053,0.108,0.227,0.286,70,EVERY CHANCE I GET (feat. Lil Baby & Lil Durk),2021.0,0.0,0.000866,1EJIcDYXwSqipW5dFe4uJz,audio_features
0.739,179.879,0.704,latin,-3.286,0.0856,0.425,0.112,70,Sexo Virtual,2021.0,1.93e-05,0.328,1lV3QHHMAQt0Kc1ioZq2MP,audio_features
0.846,98.026,0.734,latin,-3.425,0.235,0.604,0.0489,70,Nost√°lgico,2021.0,1.74e-06,0.166,2BEcap3xJtmiPaHKyfQi4e,audio_features
0.629,70.568,0.513,electronic,-9.055,0.146,0.498,0.19,70,Formidable,2013.0,0.0,0.0986,2AMysGXOe0zzZJMtH3Nizb,audio_features
0.817,128.078,0.883,electronic,-5.414,0.11,0.595,0.235,70,I'm an Albatraoz,2014.0,0.00449,0.601,5MhsZlmKJG6X5kTHkdwC4B,audio_features
0.57,121.843,0.655,electronic,-11.475,0.105,0.487,0.0487,70,Sideways,2024.0,0.43,0.527,02YMpD1xbZZzpZbuZNvmD7,audio_features
0.732,146.005,0.583,pop,-5.729,0.269,0.277,0.0459,70,Never Forget You,2017.0,9.57e-06,0.00315,6hmhG1b4LEyNuashVvuIAo,audio_features
0.525,75.013,0.776,hip-hop,-6.723,0.108,0.467,0.137,70,Brokey,2024.0,0.0,0.0366,1JF8LkQWZ8grXb2emqrNKn,audio_features
0.666,127.079,0.926,hip-hop,-5.314,0.123,0.168,0.244,70,Bad and Boujee (feat. Lil Uzi Vert),2017.0,0.0,0.0611,0M9ydKzuF3oZTfYYPfaGX1,audio_features
0.703,169.888,0.639,latin,-6.33,0.0865,0.138,0.0794,70,Lo Siento BB:/ (with Bad Bunny & Julieta Venegas),2021.0,1.78e-06,0.0889,4gzsuuZypVbxs0Af1LSZyB,audio_features
0.867,124.015,0.747,electronic,-7.311,0.114,0.684,0.088,70,adore u,2023.0,0.00413,0.582,3YgtkOxZsTuaZdL8McA1FQ,audio_features
0.63,89.991,0.654,pop,-4.644,0.111,0.43,0.0259,70,"10,000 Hours (with Justin Bieber)",2019.0,0.0,0.153,2wrJq5XKLnmhRXHIAf9xBa,audio_features
0.922,130.007,0.666,pop,-4.645,0.0867,0.758,0.0352,70,Part Of Me,2012.0,0.0,0.000348,6yARPLK0PV4heEyh7pVMGz,audio_features
0.723,123.993,0.787,electronic,-6.995,0.085,0.579,0.152,70,Beso (Fruta Fresca),2023.0,0.00447,0.0509,0r3nMF80NSIuPIxeod4aoG,audio_features
0.645,119.935,0.801,latin,-5.605,0.118,0.528,0.0706,70,HIBIKI,2023.0,0.0,0.604,4qSEvFGCpde73gqIuq3sho,audio_features
0.588,142.004,0.872,latin,-6.276,0.17,0.93,0.0492,70,Yo No Soy Celoso,2022.0,0.0,0.275,5kVZxyMY1gfdCLiChsfjn1,audio_features
0.766,96.037,0.88,latin,-2.906,0.382,0.594,0.0505,69,Guay,2024.0,1.79e-05,0.0881,1S3SAFqLBWk3HaR5UyXp43,audio_features
0.787,117.089,0.399,pop,-2.88,0.0685,0.572,0.0499,69,Chandelier,2015.0,6.07e-05,0.0197,2s1sdSqGcKxpPr5lCl7jAV,audio_features
0.689,97.963,0.882,latin,-4.027,0.0501,0.746,0.124,69,Con Altura,2019.0,0.00325,0.39,2qG5sZ7Si6sdK74qLxedYM,audio_features
0.362,115.974,0.967,hip-hop,-11.374,0.124,0.633,0.159,69,Dior,2023.0,0.00637,0.514,53QrRlALFJfZgdcGLKwy5s,audio_features
0.794,92.998,0.843,latin,-4.686,0.25,0.796,0.0426,69,Coraz√≥n Roto - Remix,2023.0,1.22e-06,0.226,6k5wiT5l9DK8iZmhvEvoqo,audio_features
0.676,143.477,0.594,hip-hop,-5.808,0.163,0.472,0.344,69,GATTI,2019.0,0.0,0.135,40mjsnRjCpycdUw3xhS20g,audio_features
0.937,123.993,0.651,electronic,-4.078,0.119,0.666,0.0468,69,Makeba - Ian Asher Remix,2023.0,0.0975,0.236,67eYAnkdTu8BMcIx29z26L,audio_features
0.465,113.81,0.6,pop,-4.951,0.149,0.0682,0.0314,69,Control,2020.0,1.48e-06,0.643,50Td3qilgs8BLtv8mHyT1t,audio_features
0.57,142.974,0.787,hip-hop,-5.881,0.135,0.733,0.225,69,All My Life (feat. J. Cole),2023.0,0.0,0.0449,6HgWWaMu31KdOpEG5l28BG,audio_features
0.809,99.005,0.724,latin,-5.022,0.0765,0.606,0.0929,69,KANTE (feat. Fave),2023.0,0.0,0.182,7vKXc90NT5WBm3UTT4iTVG,audio_features
0.649,113.009,0.788,latin,-9.674,0.12,0.229,0.0532,69,UNAVAILABLE (feat. Musa Keys),2023.0,0.0136,0.253,2kaH2Z8ezDUKf6fNw250rZ,audio_features
0.536,119.967,0.689,hip-hop,-8.861,0.169,0.349,0.174,69,Tu Me Enamoraste - Remix,2016.0,0.0,0.25,7b6QP0Pz2sqyW7yyXodpm6,audio_features
0.708,130.081,0.872,electronic,-7.472,0.0998,0.308,0.176,69,MANON B,2024.0,0.0,0.336,6C0SXfD7rR46MpWK5VJSEw,audio_features
0.702,125.089,0.871,hip-hop,-8.025,0.0912,0.675,0.253,69,6locc 6a6y,2019.0,0.0,0.296,3WCXvxgQ7U3mznWsQjiEMu,audio_features
0.506,115.994,0.848,hip-hop,-5.105,0.102,0.593,0.0336,69,Embarrassed (feat. Travis Scott),2023.0,0.0,0.376,6w9GrSUaQQIaMBYtabge7p,audio_features
0.758,97.014,0.86,latin,-5.16,0.344,0.453,0.0695,69,Yo Perreo Sola,2020.0,6.54e-05,0.021,0SqqAgdovOE24BzxIClpjw,audio_features
0.761,168.022,0.714,latin,-4.596,0.241,0.906,0.0427,69,Una Locura,2020.0,0.00035,0.139,5y7DaS3jAc9eZzcSOoUIwU,audio_features
0.745,94.979,0.793,latin,-4.579,0.293,0.716,0.0571,69,ALMAS GEMELAS,2021.0,0.000189,0.182,2KcNrONbZ0hvBPjvrDO2tx,audio_features
0.746,175.965,0.746,latin,-5.046,0.274,0.733,0.102,69,6 AM,2013.0,0.0,0.152,3uvypVUsiIr1B0BccIcsEh,audio_features
0.395,76.984,0.793,hip-hop,-5.578,0.109,0.128,0.385,69,Ready (feat. Gunna),2018.0,1.4e-05,0.277,4F6yN5FsFW10Ucx7cLCzBh,audio_features
0.759,91.952,0.78,latin,-3.292,0.143,0.579,0.225,69,"Yo x Ti, Tu x Mi",2019.0,0.000868,0.462,7BlBVFwvbWvcwNcUarQmjk,audio_features
0.671,169.727,0.714,latin,-5.119,0.325,0.641,0.362,69,HASTA ABAJO,2019.0,0.0,0.292,4PEfJZpVjdclfzZ9XO8uDw,audio_features
0.647,95.982,0.857,latin,-4.152,0.0842,0.553,0.0984,69,Verte Ir,2019.0,1.2e-06,0.391,4lzxJ4jCuFDXXGkE1LmpKR,audio_features
0.812,87.864,0.683,latin,-4.493,0.0872,0.724,0.0711,69,No Es Justo,2018.0,0.000404,0.161,5qFeMRz4TvetPmzjre9Dq7,audio_features
0.774,130.007,0.867,hip-hop,-5.791,0.157,0.549,0.315,69,Russian Cream,2018.0,0.0,0.11,03ThZweiBWFP8tOGsk6QMO,audio_features
0.674,140.065,0.922,hip-hop,-4.429,0.128,0.726,0.366,69,UK Rap,2023.0,3.07e-06,0.323,2VjOTvl50tscmc0RDjPdr2,audio_features
0.897,124.025,0.689,electronic,-4.487,0.0676,0.582,0.034,69,Whistle (feat. Calum Scott),2023.0,4.6e-06,0.145,4q05KbxYZ5JdkmrletgPjF,audio_features
0.7,93.991,0.843,latin,-3.563,0.14,0.899,0.0803,69,MAMIII,2022.0,0.0,0.0934,1ri9ZUkBJVFUdgwzCnfcYs,audio_features
0.714,127.993,0.634,electronic,-7.529,0.374,0.409,0.104,69,World Gone Wild (feat. Sam Martin),2024.0,0.0025,0.00882,4arNFfHtD5FPYcpUUiUOM1,audio_features
0.703,123.06,0.713,latin,-5.769,0.321,0.576,0.194,69,La Jumpa,2022.0,0.0,0.298,5MxFWjuqQIsbNWbMdMdbli,audio_features
0.863,130.02,0.652,electronic,-4.853,0.6,0.805,0.0523,69,Born To Love Ya,2024.0,0.0,0.0921,5Nwh8kghoqebxmco5ZWbDt,audio_features
0.89,126.881,0.645,pop,-4.985,0.376,0.421,0.128,69,Barcelona,2024.0,9.38e-06,0.259,2GE3k8I0Sbh0puCjI15KGy,audio_features
0.348,74.541,0.349,pop,-6.142,0.12,0.0886,0.0316,69,jar of hearts,2011.0,0.0,0.726,0HZhYMZOcUzZKSFwPOti6m,audio_features
0.681,140.006,0.807,latin,-6.268,0.0962,0.676,0.0983,69,Sensualidad,2017.0,0.0,0.423,5hcisvFMidkMJlElTO9Qmw,audio_features
0.888,123.031,0.671,electronic,-4.285,0.0951,0.412,0.0412,69,Tantalizing,2024.0,0.0106,0.0022,799db91cR00On6N158VLHS,audio_features
0.781,107.007,0.811,latin,-6.333,0.121,0.824,0.0428,69,Calm Down,2022.0,0.001,0.376,6hgoYQDUcPyCz7LcTUHKxa,audio_features
0.4,106.682,0.608,hip-hop,-9.519,0.119,0.089,0.32,69,2 Slippery (feat. BossMan Dlow),2024.0,0.000327,0.029,62oLxos6R04SVYL1lXidvu,audio_features
0.681,114.991,0.884,hip-hop,-5.839,0.277,0.324,0.149,69,2AM,2024.0,0.0,0.0439,26TX1oZbaDeKxfTYDclSAo,audio_features
0.83,120.97,0.808,electronic,-8.238,0.403,0.465,0.0356,69,Famax - Edit,2024.0,0.809,0.00575,1P9ZF3ZxRWNTDgJkZOgkI9,audio_features
0.872,122.028,0.43,electronic,-7.821,0.119,0.136,0.0522,69,My Love (2024),2024.0,0.879,0.118,2nljjiWhzVIugb5vgEMQQk,audio_features
0.822,165.946,0.513,hip-hop,-4.51,0.11,0.768,0.383,69,Tessera sanitaria (feat. Nerissima Serpe & Papa V),2024.0,0.0,0.14,5JgTIfS7FfSE9tuebzX8HC,audio_features
0.696,120.146,0.744,hip-hop,-5.015,0.0808,0.406,0.117,69,De las 2 (feat. Bad Bunny & Arc√°ngel),2018.0,0.0,0.71,4DS7HoqrKq1dDjeYOKBlu9,audio_features
0.478,104.563,0.675,hip-hop,-10.201,0.127,0.39,0.512,69,Blow for Blow (feat. J. Cole),2024.0,7.8e-06,0.0731,3rXlcLZk3MCaRPND5g9QiW,audio_features
0.332,141.849,0.885,hip-hop,-8.62,0.119,0.423,0.848,69,2MS,2022.0,0.0,0.0185,0rwOtnvfoBHa443aTwjSlu,audio_features
0.59,161.989,0.864,latin,-8.768,0.093,0.579,0.499,69,Ruc√≥n,2018.0,0.0,0.0196,78M7CiqTpJYoPQKkwjM48Z,audio_features
0.867,131.041,0.902,hip-hop,-3.108,0.142,0.799,0.225,68,The Largest,2024.0,0.0,0.0678,1F5Qp0SJS0QUfqIoQggrLz,audio_features
0.804,110.982,0.82,latin,-7.226,0.064,0.844,0.0528,68,Tan Bonita,2021.0,0.00215,0.175,6mm3K0yWp6uzfOMuipM9Zh,audio_features
0.48,143.029,0.846,hip-hop,-8.618,0.0989,0.419,0.359,68,3 Headed Goat (feat. Lil Baby & Polo G),2020.0,0.0,0.269,6Tguhaf2uAe6OjRLsR2Tql,audio_features
0.801,93.992,0.762,latin,-3.661,0.254,0.81,0.0409,68,La Zona,2020.0,7.04e-05,0.2,5kqNIqFjijuzvVLhuY9B8j,audio_features
0.618,99.7,0.49,hip-hop,-5.655,0.259,0.286,0.104,68,The Woo (feat. 50 Cent & Roddy Ricch),2020.0,3.77e-06,0.0221,1H7KnK26kc1YyellpbINEn,audio_features
0.786,111.989,0.781,latin,-5.211,0.107,0.759,0.0885,68,BUBALU,2023.0,5.88e-06,0.115,36FTXlmbiV2diZdZukzLDm,audio_features
0.638,94.893,0.809,hip-hop,-5.646,0.453,0.608,0.28,68,Righteous Minds,2012.0,0.0,0.262,7dFGkZbmm6cVlI28bfMaWE,audio_features
0.495,137.027,0.853,hip-hop,-14.63,0.0844,0.0774,0.14,68,Sticky,2022.0,0.000217,0.0917,4rmVZajAF7PkrCagGPHbqa,audio_features
0.35,77.528,0.822,hip-hop,-12.207,0.0757,0.346,0.574,68,Neva Cared,2018.0,0.0,0.0213,3UnYMo1aeD0o8VtHy3R8cs,audio_features
0.684,100.042,0.769,hip-hop,-6.113,0.18,0.483,0.148,68,8 ASLE,2023.0,0.0,0.0977,6wkHR8cU4INbp145hngbQO,audio_features
0.662,93.976,0.892,latin,-3.894,0.363,0.607,0.162,68,Gato de Noche,2022.0,1.24e-06,0.169,54ELExv56KCAB4UP9cOCzC,audio_features
0.638,109.96,0.701,electronic,-9.061,0.279,0.646,0.165,68,Tous les m√™mes,2013.0,0.00219,0.223,6M4nkEPZMj58acftDRTuKL,audio_features
0.831,139.905,0.652,hip-hop,-5.972,0.269,0.648,0.264,68,The Viper,2024.0,0.0,0.0111,2JapCT0xikq6Fy1PQiJz1C,audio_features
0.632,123.987,0.848,hip-hop,-7.381,0.282,0.253,0.277,68,"Bent (with Kyle Richh, Jenn Carter & TaTa)",2023.0,0.0,0.398,1haa8GXT0cl9wzRnpZG0YH,audio_features
0.797,97.988,0.811,electronic,-5.428,0.112,0.541,0.165,68,Djadja,2018.0,0.0,0.0617,7sKDftgGirHWTVFMtJoDoh,audio_features
0.629,140.101,0.523,hip-hop,-4.058,0.323,0.209,0.0549,68,Un Ratito Mas,2017.0,0.0,0.156,2SzgK8i6si6ETtu57nTdSn,audio_features
0.951,74.973,0.772,electronic,-3.375,0.036,0.4,0.271,68,2 Times,2024.0,0.000738,0.0634,03xIKiQXopptD4Sv8ijvcG,audio_features
0.688,127.938,0.608,electronic,-8.597,0.08,0.214,0.0499,68,Love Is The Only Thing,2024.0,0.00736,0.0554,4r6c2ClnuYLwNv4lEM7XlW,audio_features
0.831,126.056,0.785,electronic,-3.681,0.086,0.673,0.0444,68,Happier (feat. Clementine Douglas),2024.0,0.0105,0.0038,1TcF5F10EN17vraisG1gQv,audio_features
0.717,117.952,0.753,electronic,-8.438,0.0988,0.601,0.0384,68,Solitaire,2022.0,0.00258,0.151,3kzXT2poHInDISrXOgT1PR,audio_features
0.385,129.958,0.69,hip-hop,-8.444,0.236,0.19,0.0817,68,C√≥mo Le Digo,2018.0,0.0,0.181,0K0soSt52EhMS9FohRObdK,audio_features
0.606,175.917,0.656,hip-hop,-5.948,0.105,0.38,0.363,68,Knife Brows,2024.0,0.0,0.335,5nIrIdLPPXeRMl8WXnnDv1,audio_features
0.693,87.973,0.702,hip-hop,-4.941,0.0702,0.572,0.191,68,MAMI WATA,2023.0,0.0,0.139,6yqwxY8qifBBhyryjZutxk,audio_features
0.55,124.13,0.629,hip-hop,-6.772,0.095,0.154,0.0543,68,Conceited,2024.0,0.0,0.152,1gUUuh7FQ3mr7nEq0SRvGX,audio_features
0.604,49.305,0.583,hip-hop,-8.437,0.724,0.691,0.456,68,Ocean Prime (feat. Boldy James),2019.0,0.0,0.735,5467KZaTToEB680WvOd9w5,audio_features
0.879,123.004,0.741,electronic,-6.132,0.126,0.362,0.0425,68,The Boy Is Mine,2023.0,0.0433,0.0841,1aRd5tMVhiRyMJLmSOg2IF,audio_features
0.441,135.028,0.942,hip-hop,-11.448,0.138,0.925,0.469,68,Champagne Shots,2021.0,0.0,0.493,7dbyaRWWFvB9UG2vcwTd3J,audio_features
0.769,167.969,0.771,latin,-3.504,0.345,0.931,0.0694,68,El Efecto - Remix,2019.0,1.57e-05,0.18,74j34STf8L6uADnTN69ohv,audio_features
0.856,123.031,0.748,latin,-3.517,0.142,0.927,0.0348,68,Tacones Rojos,2021.0,0.0,0.0824,0Be7sopyKMv8Y8npsUkax2,audio_features
0.59,119.97,0.88,hip-hop,-4.709,0.184,0.723,0.204,68,M4,2021.0,0.0,0.08,07AQkmp456NpEnT8HR7WLy,audio_features
0.694,90.02,0.869,latin,-3.35,0.0878,0.511,0.0783,68,Desesperados,2021.0,0.00125,0.356,6ZOcbKub95XSDESsKKuH41,audio_features
0.782,119.992,0.727,electronic,-8.529,0.225,0.655,0.042,68,Move,2024.0,0.336,0.0563,6NIJqFHB5cHAn064JCP7Li,audio_features
0.754,170.084,0.564,electronic,-8.849,0.224,0.457,0.0646,68,Resonance,2014.0,0.84,0.0424,4E1Zf6j2VSoRPiVBnUCjat,audio_features
0.807,155.397,0.525,electronic,-6.366,0.0504,0.741,0.0725,68,Je veux,2010.0,0.0,0.251,734dz1YaFITwawPpM25fSt,audio_features
0.485,100.053,0.843,latin,-8.735,0.107,0.689,0.195,68,Fountains (with Tems),2021.0,0.0675,0.181,08XWh5c0BMyD1nKVxxl91z,audio_features
0.671,147.037,0.607,hip-hop,-6.934,0.128,0.316,0.0863,68,Deus Perdoa,2023.0,1.31e-06,0.403,4tuFNhM69UakXdPg4RrNvp,audio_features
0.787,165.07,0.809,latin,-3.826,0.0653,0.9,0.125,68,Como Pacman,2024.0,0.0011,0.126,2TV1EuYnG5XqEyQSd1EB9X,audio_features
0.283,138.97,0.898,hip-hop,-12.335,0.11,0.469,0.356,68,Neighbors,2016.0,0.000383,0.319,0utlOiJy2weVl9WTkcEWHy,audio_features
0.953,141.99,0.631,electronic,-3.739,0.108,0.422,0.0343,68,Alone,2016.0,0.0155,0.0241,3MEYFivt6bilQ9q9mFWZ4g,audio_features
0.8,119.984,0.724,electronic,-5.468,0.0823,0.925,0.0541,68,Honey Boy (feat. Nile Rodgers & Shenseea),2024.0,9.38e-05,0.0103,1NpIUD4KqHaMT91kw0YV40,audio_features
0.858,92.523,0.627,latin,-2.824,0.21,0.342,0.386,68,GAT√öBELA,2022.0,0.0,0.263,1ga4PztXOIw1yBbdUt2X8v,audio_features
0.88,130.085,0.588,electronic,-5.15,0.0667,0.523,0.0354,68,Deep In Your Love,2024.0,6.89e-05,0.0243,0sftzYE0YgPHXrvJyUyGjB,audio_features
0.646,176.153,0.599,hip-hop,-6.326,0.128,0.638,0.337,68,Show Me,2022.0,4.36e-06,0.222,2uuJs2nltcYFh9pkKP7bW4,audio_features
0.606,123.006,0.567,electronic,-6.543,0.0686,0.314,0.0438,68,Hold On Me,2024.0,0.0,0.0801,4aPX3IT9cskOWmeZvOYc5s,audio_features
0.702,180.219,0.711,hip-hop,-10.048,0.0932,0.674,0.233,68,Baller,2022.0,0.0163,0.00487,42TMa2hgBNjte4uV7jNCnQ,audio_features
0.586,124.041,0.808,hip-hop,-7.242,0.14,0.568,0.169,68,Me Acostumbre (feat. Bad Bunny),2017.0,0.0,0.641,2FIm6YsSGL5acOqSuJDh5s,audio_features
